Compound_CID,Molecular_Weight,Molecular_Formula,SMILES,IUPAC_Name,Linked_PubChem_Literature_Count,Linked_PubChem_Patent_Count,Modified_Formula,Matched_Y_CID
171350203,890.9,C56H42O11,C1[C@H]2[C@]3(C=CC1=O)[C@H]([C@@H]([C@@H]4[C@@H]3C5=C(C=CC=C5O2)[C@H]6[C@@H](OC7=CC(=CC4=C67)O)C8=CC=C(C=C8)O)C9=C1[C@H]([C@@H](OC1=CC(=C9)O)C1=CC=C(C=C1)O)C1=CC(=CC(=C1)O)O)C1=CC=C(C=C1)O,"(1R,2R,3R,4R,11R,12R,19S,24S)-3-[(2R,3R)-3-(3,5-dihydroxyphenyl)-6-hydroxy-2-(4-hydroxyphenyl)-2,3-dihydro-1-benzofuran-4-yl]-7-hydroxy-2,11-bis(4-hydroxyphenyl)-10,18-dioxaheptacyclo[11.10.2.15,9.01,19.04,24.017,25.012,26]hexacosa-5(26),6,8,13(25),14,16,22-heptaen-21-one",1,0,C56H42O12,101157337.0
171344112,454.5,C29H26O5,COC1=C2C(C3=C(CCC2=C(C(=C1)O)CC4=CC=C(C=C4)O)C=C(C=C3)O)C5=CC=C(C=C5)O,"2-(4-hydroxyphenyl)-7-[(4-hydroxyphenyl)methyl]-4-methoxytricyclo[9.4.0.03,8]pentadeca-1(11),3,5,7,12,14-hexaene-6,13-diol",1,0,C29H26O6,140288934.0
155886166,544.7,C34H40O6,CCCCCCCCCC=CC(C1=CC=C(C=C1)O)C2=C(C(=C(C=C2O)OC)C(=O)C=CC3=CC=C(C=C3)O)O,"1-[2,4-dihydroxy-3-[1-(4-hydroxyphenyl)dodec-2-enyl]-6-methoxyphenyl]-3-(4-hydroxyphenyl)prop-2-en-1-one",1,0,C34H40O7,101363783.0
170852902,416.5,C24H32O6,C1=CC(=CC=C1C2=CC=C(C=C2)O)O.C(CCCCCC(=O)O)CCCCC(=O)O,dodecanedioic acid;4-(4-hydroxyphenyl)phenol,1,0,C24H32O7,22981460.0
170852559,402.5,C23H30O6,CC1CO1.CC(C)(C1=CC=C(C=C1)O)C2=CC=C(C=C2)O.C=CC(=O)O.C1CO1,4-[2-(4-hydroxyphenyl)propan-2-yl]phenol;2-methyloxirane;oxirane;prop-2-enoic acid,1,0,C23H30O7,153391829.0
170849847,500.8,C35H48O2,CC1=CCC2CC1C2(C)C.CC1(C2CCC(=C)C1C2)C.CC(C)(C1=CC=C(C=C1)O)C2=CC=C(C=C2)O,"6,6-dimethyl-2-methylidenebicyclo[3.1.1]heptane;4-[2-(4-hydroxyphenyl)propan-2-yl]phenol;2,6,6-trimethylbicyclo[3.1.1]hept-2-ene",1,0,C35H48O3,89227263.0
168292086,542.6,C32H30O8,C1C[C@@H]2C[C@H](C[C@@](O2)(/C=C/C3=CC=CC=C3)O)C4=C(C=C(C5=C4O[C@@H](CC5=O)C6=CC=C(C=C6)O)O)OC(=O)C1,"(1R,5S,17R,19R)-9,19-dihydroxy-5-(4-hydroxyphenyl)-19-[(E)-2-phenylethenyl]-4,12,18-trioxatetracyclo[15.3.1.02,11.03,8]henicosa-2(11),3(8),9-triene-7,13-dione",1,0,C32H30O9,21629949.0
168285208,542.6,C32H30O8,C1C[C@@H]2C[C@H](C[C@@](O2)(/C=C/C3=CC=CC=C3)O)C4=C(C=C(C5=C4O[C@H](CC5=O)C6=CC=C(C=C6)O)O)OC(=O)C1,"(1R,5R,17R,19R)-9,19-dihydroxy-5-(4-hydroxyphenyl)-19-[(E)-2-phenylethenyl]-4,12,18-trioxatetracyclo[15.3.1.02,11.03,8]henicosa-2(11),3(8),9-triene-7,13-dione",1,0,C32H30O9,21629949.0
167995096,544.7,C34H40O6,CCCCCCCCC/C=C/C(C1=CC=C(C=C1)O)C2=C(C(=C(C=C2O)OC)C(=O)/C=C/C3=CC=C(C=C3)O)O,"(E)-1-[2,4-dihydroxy-3-[(E)-1-(4-hydroxyphenyl)dodec-2-enyl]-6-methoxyphenyl]-3-(4-hydroxyphenyl)prop-2-en-1-one",1,0,C34H40O7,101363783.0
163195469,490.6,C31H38O5,CC(=CCC/C(=C/CC1=C(C2=C(C(=O)[C@@H](CO2)CC3=CC=C(C=C3)O)C(=C1O)O)CC=C(C)C)/C)C,"(3R)-7-[(2E)-3,7-dimethylocta-2,6-dienyl]-5,6-dihydroxy-3-[(4-hydroxyphenyl)methyl]-8-(3-methylbut-2-enyl)-2,3-dihydrochromen-4-one",2,0,C31H38O6,90785745.0
163195320,464.6,C27H44O6,COC(CCCCCCCC[C@H](CCCCCCO)OC(=O)/C=C\C1=CC=C(C=C1)O)OC,"[(7R)-1-hydroxy-16,16-dimethoxyhexadecan-7-yl] (Z)-3-(4-hydroxyphenyl)prop-2-enoate",2,0,C27H44O7,10528743.0
163195204,402.5,C24H34O5,CC(C)[C@H]1CC[C@]2([C@@H](CC[C@@]([C@@H]2[C@H]1OC(=O)/C=C/C3=CC=C(C=C3)O)(C)O)O)C,"[(1S,2R,4aR,5R,8R,8aS)-5,8-dihydroxy-4a,8-dimethyl-2-propan-2-yl-1,2,3,4,5,6,7,8a-octahydronaphthalen-1-yl] (E)-3-(4-hydroxyphenyl)prop-2-enoate",2,0,C24H34O6,90715295.0
163195090,342.34,C16H22O8,C[C@H](CC(=O)C1=CC=C(C=C1)O)O[C@H]2[C@@H]([C@H]([C@@H]([C@H](O2)CO)O)O)O,"(3R)-1-(4-hydroxyphenyl)-3-[(2R,3R,4S,5S,6R)-3,4,5-trihydroxy-6-(hydroxymethyl)oxan-2-yl]oxybutan-1-one",2,0,C16H22O9,70637199.0
163194876,566.5,C27H34O13,C[C@H]1[C@@H]2[C@H](C[C@@H](O1)OC)C(=CO[C@H]2O[C@H]3[C@@H]([C@H]([C@@H]([C@H](O3)COC(=O)/C=C/C4=CC=C(C=C4)O)O)O)O)C(=O)OC,"methyl (1S,3R,4aS,8S,8aS)-3-methoxy-1-methyl-8-[(2S,3R,4S,5S,6R)-3,4,5-trihydroxy-6-[[(E)-3-(4-hydroxyphenyl)prop-2-enoyl]oxymethyl]oxan-2-yl]oxy-1,3,4,4a,8,8a-hexahydropyrano[3,4-c]pyran-5-carboxylate",2,0,C27H34O14,70575929.0
163194875,566.5,C27H34O13,C[C@H]1[C@H]2[C@H](C[C@H](O1)OC)C(=CO[C@@H]2O[C@H]3[C@@H]([C@H]([C@@H]([C@H](O3)COC(=O)/C=C\C4=CC=C(C=C4)O)O)O)O)C(=O)OC,"methyl (1S,3S,4aS,8R,8aR)-3-methoxy-1-methyl-8-[(2S,3R,4S,5S,6R)-3,4,5-trihydroxy-6-[[(Z)-3-(4-hydroxyphenyl)prop-2-enoyl]oxymethyl]oxan-2-yl]oxy-1,3,4,4a,8,8a-hexahydropyrano[3,4-c]pyran-5-carboxylate",2,0,C27H34O14,70575929.0
163193840,464.6,C27H44O6,COC(CCCCCCCC[C@H](CCCCCCO)OC(=O)/C=C/C1=CC=C(C=C1)O)OC,"[(7R)-1-hydroxy-16,16-dimethoxyhexadecan-7-yl] (E)-3-(4-hydroxyphenyl)prop-2-enoate",2,0,C27H44O7,10528743.0
163193791,566.5,C27H34O13,C[C@H]1[C@@H]2[C@H](C[C@@H](O1)OC)C(=CO[C@@H]2O[C@H]3[C@@H]([C@H]([C@@H]([C@H](O3)COC(=O)/C=C\C4=CC=C(C=C4)O)O)O)O)C(=O)OC,"methyl (1S,3R,4aS,8R,8aS)-3-methoxy-1-methyl-8-[(2S,3R,4S,5S,6R)-3,4,5-trihydroxy-6-[[(Z)-3-(4-hydroxyphenyl)prop-2-enoyl]oxymethyl]oxan-2-yl]oxy-1,3,4,4a,8,8a-hexahydropyrano[3,4-c]pyran-5-carboxylate",2,0,C27H34O14,70575929.0
163189938,466.6,C29H38O5,C[C@]12CCC[C@]([C@@H]1CC[C@@]([C@@H]2CCC(=C)C=C)(C)O)(C)C(=O)OC(=O)/C=C\C3=CC=C(C=C3)O,"[(Z)-3-(4-hydroxyphenyl)prop-2-enoyl] (1S,4aS,5R,6R,8aR)-6-hydroxy-1,4a,6-trimethyl-5-(3-methylidenepent-4-enyl)-3,4,5,7,8,8a-hexahydro-2H-naphthalene-1-carboxylate",2,0,C29H38O6,58995451.0
163189391,466.6,C29H38O5,C[C@]12CCC[C@]([C@@H]1CC[C@@]([C@@H]2CCC(=C)C=C)(C)O)(C)C(=O)OC(=O)/C=C/C3=CC=C(C=C3)O,"[(E)-3-(4-hydroxyphenyl)prop-2-enoyl] (1S,4aS,5R,6R,8aR)-6-hydroxy-1,4a,6-trimethyl-5-(3-methylidenepent-4-enyl)-3,4,5,7,8,8a-hexahydro-2H-naphthalene-1-carboxylate",2,0,C29H38O6,58995451.0
163188941,778.7,C40H42O16,C1=CC(=CC=C1/C=C/2\[C@@H]([C@H](C3=C(C(=C(C=C23)O)[C@@H]4[C@@H]([C@H]([C@@H]([C@H](O4)CO)O)O)O)O)C5=CC(=C(C(=C5)O)[C@@H]6[C@@H]([C@H]([C@@H]([C@H](O6)CO)O)O)O)O)C7=CC=C(C=C7)O)O,"(2R,3R,4R,5S,6R)-2-[4-[(1S,2S,3E)-5,7-dihydroxy-2-(4-hydroxyphenyl)-3-[(4-hydroxyphenyl)methylidene]-6-[(2R,3R,4R,5S,6R)-3,4,5-trihydroxy-6-(hydroxymethyl)oxan-2-yl]-1,2-dihydroinden-1-yl]-2,6-dihydroxyphenyl]-6-(hydroxymethyl)oxane-3,4,5-triol",2,0,C40H42O17,142992842.0
163188783,548.8,C37H56O3,C[C@H](CC[C@@H](C)C(C)C)[C@H]1CC[C@@H]2[C@@]1(CC[C@H]3[C@H]2CC[C@@H]4[C@@]3(CC[C@@H](C4)OC(=O)/C=C/C5=CC=C(C=C5)O)C)C,"[(3S,5S,8R,9S,10S,13R,14S,17R)-17-[(2R,5R)-5,6-dimethylheptan-2-yl]-10,13-dimethyl-2,3,4,5,6,7,8,9,11,12,14,15,16,17-tetradecahydro-1H-cyclopenta[a]phenanthren-3-yl] (E)-3-(4-hydroxyphenyl)prop-2-enoate",2,0,C37H56O4,145370214.0
163186950,763.0,C46H66O9,CC(=O)O[C@H]1CC[C@@]2([C@H]3CC[C@H]4[C@@](CC[C@@H]5[C@@]4(CC[C@@H](C5(C)C)O[C@H]6[C@@H]([C@H]([C@H](CO6)OC(=O)/C=C/C7=CC=C(C=C7)O)O)O)C)(CC3=CC[C@H]2C1(C)C)C)C,"[(3S,4R,5R,6S)-6-[[(3S,6R,8S,11R,12S,15S,16R,19S,21R)-19-acetyloxy-3,7,7,11,16,20,20-heptamethyl-8-pentacyclo[13.8.0.03,12.06,11.016,21]tricos-1(23)-enyl]oxy]-4,5-dihydroxyoxan-3-yl] (E)-3-(4-hydroxyphenyl)prop-2-enoate",2,0,C46H66O10,122545254.0
163185985,566.5,C27H34O13,C[C@H]1[C@H]2[C@H](C[C@H](O1)OC)C(=CO[C@@H]2O[C@H]3[C@@H]([C@H]([C@@H]([C@H](O3)COC(=O)/C=C/C4=CC=C(C=C4)O)O)O)O)C(=O)OC,"methyl (1S,3S,4aS,8R,8aR)-3-methoxy-1-methyl-8-[(2S,3R,4S,5S,6R)-3,4,5-trihydroxy-6-[[(E)-3-(4-hydroxyphenyl)prop-2-enoyl]oxymethyl]oxan-2-yl]oxy-1,3,4,4a,8,8a-hexahydropyrano[3,4-c]pyran-5-carboxylate",2,0,C27H34O14,70575929.0
163185696,604.9,C40H60O4,CC(C)C(=C)CC[C@@](C)([C@H]1CC[C@@]2([C@@H]1CC[C@H]3[C@]2(CC[C@H]4[C@@]3(CC[C@@H](C4(C)C)OC(=O)/C=C/C5=CC=C(C=C5)O)C)C)C)O,"[(3S,5S,8R,9R,10R,13R,14R,17S)-17-[(2S)-2-hydroxy-6-methyl-5-methylideneheptan-2-yl]-4,4,8,10,14-pentamethyl-2,3,5,6,7,9,11,12,13,15,16,17-dodecahydro-1H-cyclopenta[a]phenanthren-3-yl] (E)-3-(4-hydroxyphenyl)prop-2-enoate",2,0,C40H60O5,11570859.0
163185208,378.5,C21H30O6,C1=CC(=CC=C1CCCCCCCC/C(=C/C(=O)C[C@@H](CC(=O)O)O)/O)O,"(Z,3S)-3,7-dihydroxy-15-(4-hydroxyphenyl)-5-oxopentadec-6-enoic acid",2,0,C21H30O7,15545577.0
163105673,604.9,C40H60O4,CC(C)C(=C)CC[C@@](C)([C@H]1CC[C@@H]2[C@@]1(CC[C@H]3[C@]2(CC[C@@H]4[C@@]3(CC[C@@H](C4(C)C)OC(=O)/C=C\C5=CC=C(C=C5)O)C)C)C)O,"[(3S,5R,8R,9S,10R,13S,14S,17S)-17-[(2S)-2-hydroxy-6-methyl-5-methylideneheptan-2-yl]-4,4,8,10,13-pentamethyl-2,3,5,6,7,9,11,12,14,15,16,17-dodecahydro-1H-cyclopenta[a]phenanthren-3-yl] (Z)-3-(4-hydroxyphenyl)prop-2-enoate",2,0,C40H60O5,11570859.0
163085616,382.4,C18H22O9,CC(=O)O[C@@H]1[C@@H]([C@H]([C@@H]([C@H](C1OC(=O)/C=C/C2=CC=C(C=C2)O)O)O)O)OC,"[(2R,3R,4S,5S,6R)-2-acetyloxy-4,5,6-trihydroxy-3-methoxycyclohexyl] (E)-3-(4-hydroxyphenyl)prop-2-enoate",2,0,C18H22O10,168651.0
163085615,382.4,C18H22O9,CC(=O)O[C@@H]1[C@@H]([C@H]([C@@H]([C@H](C1OC(=O)/C=C\C2=CC=C(C=C2)O)O)O)O)OC,"[(2R,3R,4S,5S,6R)-2-acetyloxy-4,5,6-trihydroxy-3-methoxycyclohexyl] (Z)-3-(4-hydroxyphenyl)prop-2-enoate",2,0,C18H22O10,168651.0
163070503,778.7,C40H42O16,C1=CC(=CC=C1/C=C/C2=C3[C@@H]([C@H](OC3=CC(=C2)OC4[C@H]([C@@H]([C@H]([C@@H](O4)CO)O)O)O)C5=CC=C(C=C5)O)C6=CC(=CC(=C6)OC7[C@@H]([C@H]([C@@H]([C@H](O7)CO)O)O)O)O)O,"(3R,4S,5S,6R)-2-[3-hydroxy-5-[(2S,3S)-2-(4-hydroxyphenyl)-4-[(E)-2-(4-hydroxyphenyl)ethenyl]-6-[(3S,4R,5R,6S)-3,4,5-trihydroxy-6-(hydroxymethyl)oxan-2-yl]oxy-2,3-dihydro-1-benzofuran-3-yl]phenoxy]-6-(hydroxymethyl)oxane-3,4,5-triol",2,0,C40H42O17,142992842.0
163061083,562.6,C36H34O6,COC1=C(C(=CC(=C1CC2=CC=C(C=C2)O)O)CCC3=C(C=CC(=C3)O)CC4=CC=C(C=C4)O)CC5=CC=C(C=C5)O,"5-[2-[5-hydroxy-2-[(4-hydroxyphenyl)methyl]phenyl]ethyl]-2,4-bis[(4-hydroxyphenyl)methyl]-3-methoxyphenol",2,0,C36H34O7,16095366.0
163019464,924.9,C56H44O13,C1=CC(=CC=C1[C@H]2[C@H]([C@@H]([C@@H](O2)C3=CC=C(C=C3)O)C4=C5[C@H]([C@@H](OC5=CC(=C4)O)C6=CC=C(C=C6)O)C7=C8[C@@H]([C@@H](OC8=CC(=C7)O)C9=CC=C(C=C9)O)C1=CC(=CC(=C1)O)O)C1=CC(=CC(=C1)O)O)O,"5-[(2R,3R,4R,5R)-4-[(2R,3R)-3-[(2R,3S)-3-(3,5-dihydroxyphenyl)-6-hydroxy-2-(4-hydroxyphenyl)-2,3-dihydro-1-benzofuran-4-yl]-6-hydroxy-2-(4-hydroxyphenyl)-2,3-dihydro-1-benzofuran-4-yl]-2,5-bis(4-hydroxyphenyl)oxolan-3-yl]benzene-1,3-diol",2,0,C56H44O14,145954356.0
163000064,412.6,C27H40O3,CCCCCC=CCC=CCCCCCCCC(=O)OCC=CC1=CC=C(C=C1)O,"3-(4-hydroxyphenyl)prop-2-enyl octadeca-9,12-dienoate",3,0,C27H40O4,11373746.0
162999752,398.4,C18H22O10,C1[C@H](COC1=O)O[C@H]2[C@@H]([C@H]([C@@H]([C@H](O2)CO)OC(=O)CC3=CC=C(C=C3)O)O)O,"[(2R,3S,4R,5R,6R)-4,5-dihydroxy-2-(hydroxymethyl)-6-[(3R)-5-oxooxolan-3-yl]oxyoxan-3-yl] 2-(4-hydroxyphenyl)acetate",2,0,C18H22O11,168827.0
162969600,548.6,C28H36O11,CC(=CCC1=C2C(=C(C=C1O[C@H]3[C@@H]([C@H]([C@@H]([C@H](O3)CO)O)O)O)OC)[C@@H]([C@@H]([C@H](O2)C4=CC=C(C=C4)O)O)OC)C,"(2S,3R,4S,5S,6R)-2-[[(2R,3S,4S)-3-hydroxy-2-(4-hydroxyphenyl)-4,5-dimethoxy-8-(3-methylbut-2-enyl)-3,4-dihydro-2H-chromen-7-yl]oxy]-6-(hydroxymethyl)oxane-3,4,5-triol",2,0,C28H36O12,173024.0
162965276,402.5,C24H34O5,CC(C)[C@H]1CC[C@]2([C@@H](CC[C@@]([C@@H]2[C@H]1OC(=O)C=CC3=CC=C(C=C3)O)(C)O)O)C,"[(1S,2R,4aR,5R,8R,8aS)-5,8-dihydroxy-4a,8-dimethyl-2-propan-2-yl-1,2,3,4,5,6,7,8a-octahydronaphthalen-1-yl] 3-(4-hydroxyphenyl)prop-2-enoate",2,0,C24H34O6,90715295.0
162964882,562.6,C29H38O11,C[C@H]1[C@@H]2CC[C@]3([C@@H](CC=C([C@@H]3[C@H]2OC1=O)CO[C@H]4[C@@H]([C@H]([C@@H]([C@H](O4)CO)O)O)O)OC(=O)CC5=CC=C(C=C5)O)C,"[(3S,3aS,5aR,6R,9aS,9bS)-3,5a-dimethyl-2-oxo-9-[[(2R,3R,4S,5S,6R)-3,4,5-trihydroxy-6-(hydroxymethyl)oxan-2-yl]oxymethyl]-3,3a,4,5,6,7,9a,9b-octahydrobenzo[g][1]benzofuran-6-yl] 2-(4-hydroxyphenyl)acetate",2,0,C29H38O12,91037875.0
162963120,604.9,C40H60O4,CC(C)C(=C)CC[C@@](C)([C@H]1CC[C@@]2([C@@H]1CC[C@H]3[C@]2(CC[C@@H]4[C@]3(CC[C@@H](C4(C)C)OC(=O)/C=C/C5=CC=C(C=C5)O)C)C)C)O,"[(3S,5R,8R,9R,10S,13R,14R,17S)-17-[(2S)-2-hydroxy-6-methyl-5-methylideneheptan-2-yl]-4,4,8,10,14-pentamethyl-2,3,5,6,7,9,11,12,13,15,16,17-dodecahydro-1H-cyclopenta[a]phenanthren-3-yl] (E)-3-(4-hydroxyphenyl)prop-2-enoate",2,0,C40H60O5,11570859.0
162960238,464.5,C28H32O6,CC(=CCC1=C2C(=C(C(=C1OC)C(=O)[C@@H](CC(=O)C)C3=CC=C(C=C3)O)O)C=CC(O2)(C)C)C,"(2S)-1-[5-hydroxy-7-methoxy-2,2-dimethyl-8-(3-methylbut-2-enyl)chromen-6-yl]-2-(4-hydroxyphenyl)pentane-1,4-dione",2,0,C28H32O7,10648398.0
162948715,342.34,C16H22O8,CC(=O)OCC1C(C(C(C(O1)OCCC2=CC=C(C=C2)O)O)O)O,"[3,4,5-trihydroxy-6-[2-(4-hydroxyphenyl)ethoxy]oxan-2-yl]methyl acetate",2,0,C16H22O9,70637199.0
162904617,566.5,C27H34O13,COC1=CC=C(C=C1)C(=O)OC[C@]2(CO[C@H]([C@@H]2O)OC[C@H]3[C@@H]([C@H]([C@H]([C@H](O3)OCCC4=CC=C(C=C4)O)O)O)O)O,"[(3S,4R,5R)-3,4-dihydroxy-5-[[(2S,3R,4R,5R,6S)-3,4,5-trihydroxy-6-[2-(4-hydroxyphenyl)ethoxy]oxan-2-yl]methoxy]oxolan-3-yl]methyl 4-methoxybenzoate",2,0,C27H34O14,70575929.0
162903868,418.6,C25H38O5,C1=CC(=CC=C1C=CC(=O)OCCCCCCCCCCCCCCCC(=O)O)O,16-[3-(4-hydroxyphenyl)prop-2-enoyloxy]hexadecanoic acid,2,0,C25H38O6,87257553.0
162902190,566.5,C27H34O13,C[C@H]1[C@@H]2[C@H](C[C@@H](O1)OC)C(=CO[C@H]2O[C@H]3[C@H]([C@H]([C@@H]([C@H](O3)COC(=O)/C=C\C4=CC=C(C=C4)O)O)O)O)C(=O)OC,"methyl (1S,3R,4aS,8S,8aS)-3-methoxy-1-methyl-8-[(2S,3S,4S,5S,6R)-3,4,5-trihydroxy-6-[[(Z)-3-(4-hydroxyphenyl)prop-2-enoyl]oxymethyl]oxan-2-yl]oxy-1,3,4,4a,8,8a-hexahydropyrano[3,4-c]pyran-5-carboxylate",2,0,C27H34O14,70575929.0
162902188,566.5,C27H34O13,C[C@H]1[C@@H]2[C@H](C[C@H](O1)OC)C(=CO[C@H]2O[C@H]3[C@H]([C@H]([C@@H]([C@H](O3)COC(=O)/C=C/C4=CC=C(C=C4)O)O)O)O)C(=O)OC,"methyl (1S,3S,4aS,8S,8aS)-3-methoxy-1-methyl-8-[(2S,3S,4S,5S,6R)-3,4,5-trihydroxy-6-[[(E)-3-(4-hydroxyphenyl)prop-2-enoyl]oxymethyl]oxan-2-yl]oxy-1,3,4,4a,8,8a-hexahydropyrano[3,4-c]pyran-5-carboxylate",2,0,C27H34O14,70575929.0
162881652,562.6,C36H34O6,COC1=C(C(=C(C(=C1)O)CC2=CC=C(C=C2)O)CCC3=C(C=CC(=C3)O)CC4=CC=C(C=C4)O)CC5=CC=C(C=C5)O,"3-[2-[5-hydroxy-2-[(4-hydroxyphenyl)methyl]phenyl]ethyl]-2,4-bis[(4-hydroxyphenyl)methyl]-5-methoxyphenol",2,0,C36H34O7,16095366.0
162869903,490.6,C31H38O5,CC(=CCCC(=CCC1=C(C2=C(C(=O)[C@@H](CO2)CC3=CC=C(C=C3)O)C(=C1O)O)CC=C(C)C)C)C,"(3R)-7-(3,7-dimethylocta-2,6-dienyl)-5,6-dihydroxy-3-[(4-hydroxyphenyl)methyl]-8-(3-methylbut-2-enyl)-2,3-dihydrochromen-4-one",2,0,C31H38O6,90785745.0
85434194,558.9,C36H62O4,C1=CC(=CC=C1C=CC(=O)OCCCCCCCCCCCCCCCCCCCCCCCCCCCO)O,27-hydroxyheptacosyl 3-(4-hydroxyphenyl)prop-2-enoate,2,0,C36H62O5,88693769.0
74335463,470.7,C31H50O3,CCCCCCCCC=CCCCCCCCCCCCC(=O)OCC=CC1=CC=C(C=C1)O,3-(4-hydroxyphenyl)prop-2-enyl docos-13-enoate,3,0,C31H50O4,145510244.0
73316037,454.5,C29H26O5,COC1=C(C(=C(C(=C1)O)CC2=CC=C(C=C2)O)C=CC3=CC=CC=C3O)CC4=CC=C(C=C4)O,"3-[2-(2-hydroxyphenyl)ethenyl]-2,4-bis[(4-hydroxyphenyl)methyl]-5-methoxyphenol",2,0,C29H26O6,140288934.0
162670075,574.7,C34H38O8,COC1=CC(=CC(=C1)C(C(C2=CC=C(C=C2)O)C3=CC=C(C=C3)O)C(C4=CC(=CC(=C4)OC)OC)C(OC)OC)OC,"4-[2,3-bis(3,5-dimethoxyphenyl)-1-(4-hydroxyphenyl)-4,4-dimethoxybutyl]phenol",1,0,C34H38O9,102383363.0
162625225,368.4,C19H28O7,CCCCOC(=O)C(C(CC1=CC=C(C=C1)O)(C(=O)OCCCC)O)O,"dibutyl 2,3-dihydroxy-2-[(4-hydroxyphenyl)methyl]butanedioate",1,0,C19H28O8,68311419.0
157660012,340.4,C24H20O2,C1=CC=C(C=C1)C(=O)C=CC2=CC=CC=C2C/C=C/C3=CC=C(C=C3)O,3-[2-[(E)-3-(4-hydroxyphenyl)prop-2-enyl]phenyl]-1-phenylprop-2-en-1-one,1,0,C24H20O3,22326101.0
156582534,390.5,C22H30O6,CC(=CCC[C@H](CCCC(=O)OC)CO)COC(=O)/C=C/C1=CC=C(C=C1)O,methyl (5S)-5-(hydroxymethyl)-10-[(E)-3-(4-hydroxyphenyl)prop-2-enoyl]oxy-9-methyldec-8-enoate,2,0,C22H30O7,22769524.0
155567040,622.7,C39H42O7,CC(=CCC1=C(C=C(C=C1O)[C@H]([C@H](C2=CC=C(C=C2)O)OC)OC3=CC=C(C=C3)/C=C/C4=CC(=C5CCC(OC5=C4)(C)C)O)O)C,"5-[(1R,2S)-1-[4-[(E)-2-(5-hydroxy-2,2-dimethyl-3,4-dihydrochromen-7-yl)ethenyl]phenoxy]-2-(4-hydroxyphenyl)-2-methoxyethyl]-2-(3-methylbut-2-enyl)benzene-1,3-diol",1,0,C39H42O8,163676071.0
155554500,402.6,C28H34O2,CCCCCCC1=C([C@@]2(CC[C@H]([C@@H]2C1)O)C(=C)C3=CC=C(C=C3)O)C4=CC=CC=C4,"(1R,3aR,6aR)-5-hexyl-3a-[1-(4-hydroxyphenyl)ethenyl]-4-phenyl-2,3,6,6a-tetrahydro-1H-pentalen-1-ol",1,0,C28H34O3,11531820.0
155548521,670.7,C42H38O8,C1[C@H]([C@@H](OC2=C(C(=C3C[C@H]([C@@H](OC3=C21)C4=CC=C(C=C4)O)O)O)C(=O)CCC5=CC=CC=C5)C6=CC=C(C=C6)O)C/C=C/C7=CC=C(C=C7)O,"1-[(2S,3R,8R,9R)-3,5-dihydroxy-2,8-bis(4-hydroxyphenyl)-9-[(E)-3-(4-hydroxyphenyl)prop-2-enyl]-2,3,4,8,9,10-hexahydropyrano[2,3-h]chromen-6-yl]-3-phenylpropan-1-one",1,0,C42H38O9,172870810.0
155542674,488.6,C31H36O5,CC(=CCC/C(=C/CCC1(C=CC2=C3C(=C(C=C2O1)OC)C(=O)C[C@H](O3)C4=CC=C(C=C4)O)C)/C)C,"(2S)-8-[(3E)-4,8-dimethylnona-3,7-dienyl]-2-(4-hydroxyphenyl)-5-methoxy-8-methyl-2,3-dihydropyrano[2,3-h]chromen-4-one",1,0,C31H36O6,101166446.0
155538669,488.6,C31H36O5,CC(=CCC/C(=C/CCC1(C=CC2=C(C(=C(C=C2O1)OC)C(=O)/C=C/C3=CC=C(C=C3)O)O)C)/C)C,"(E)-1-[2-[(3E)-4,8-dimethylnona-3,7-dienyl]-5-hydroxy-7-methoxy-2-methylchromen-6-yl]-3-(4-hydroxyphenyl)prop-2-en-1-one",1,0,C31H36O6,101166446.0
155526062,380.5,C27H24O2,C1=CC=C(C=C1)CC2=CC=CC=C2CC3=C(C=CC(=C3)CC4=CC=C(C=C4)O)O,2-[(2-benzylphenyl)methyl]-4-[(4-hydroxyphenyl)methyl]phenol,1,0,C27H24O3,68946753.0
155521552,488.6,C31H36O5,CC(=CCC/C(=C/CCC1(C=CC2=C3C(=C(C=C2O1)OC)C(=O)C[C@@H](O3)C4=CC=C(C=C4)O)C)/C)C,"(2R)-8-[(3E)-4,8-dimethylnona-3,7-dienyl]-2-(4-hydroxyphenyl)-5-methoxy-8-methyl-2,3-dihydropyrano[2,3-h]chromen-4-one",1,0,C31H36O6,101166446.0
155293011,348.4,C25H16O2,C1=CC2=C3C(=C1)C=CC4=C(C=CC(=C43)C=C2)C(=O)/C=C/C5=CC=C(C=C5)O,(E)-3-(4-hydroxyphenyl)-1-pyren-1-ylprop-2-en-1-one,1,0,C25H16O3,57236614.0
146683304,506.6,C30H34O7,CC(=CCC1=C(C=CC(=C1)C[C@@]2(C(=C(C(=O)O2)OC)C3=CC=C(C=C3)O)C(=O)OC)OCC=C(C)C)C,methyl (2R)-3-(4-hydroxyphenyl)-4-methoxy-2-[[4-(3-methylbut-2-enoxy)-3-(3-methylbut-2-enyl)phenyl]methyl]-5-oxofuran-2-carboxylate,2,0,C30H34O8,57343626.0
146683303,506.6,C30H34O7,CC(=CCC1=CC(=C(C=C1O)CC=C(C)C)C[C@@]2(C(=C(C(=O)O2)OC)C3=CC=C(C=C3)O)C(=O)OC)C,"methyl (2R)-2-[[4-hydroxy-2,5-bis(3-methylbut-2-enyl)phenyl]methyl]-3-(4-hydroxyphenyl)-4-methoxy-5-oxofuran-2-carboxylate",2,0,C30H34O8,57343626.0
145986591,414.4,C26H22O5,COC1=CC2=C(C=C1)C(=C(CCO2)C3=CC=C(C=C3)O)C4=CC=C(C=C4)/C=C/C(=O)O,"(E)-3-[4-[4-(4-hydroxyphenyl)-8-methoxy-2,3-dihydro-1-benzoxepin-5-yl]phenyl]prop-2-enoic acid",1,0,C26H22O6,54422578.0
145975483,388.5,C24H36O4,CC1=C([C@@](OC1=O)(C)CCCCCCCCCCCCC2=CC=C(C=C2)O)O,"(5R)-4-hydroxy-5-[12-(4-hydroxyphenyl)dodecyl]-3,5-dimethylfuran-2-one",1,0,C24H36O5,143919859.0
145974592,398.4,C18H22O10,C1[C@H](COC1=O)O[C@H]2[C@@H]([C@H]([C@@H]([C@H](O2)CO)O)O)OC(=O)CC3=CC=C(C=C3)O,"[(2R,3R,4S,5S,6R)-4,5-dihydroxy-6-(hydroxymethyl)-2-[(3R)-5-oxooxolan-3-yl]oxyoxan-3-yl] 2-(4-hydroxyphenyl)acetate",1,0,C18H22O11,168827.0
145974157,394.5,C22H34O6,CCCCCCCCCCC[C@H](C(=O)O)[C@@](CC1=CC=C(C=C1)O)(C(=O)O)O,"(2S,3S)-2-hydroxy-2-[(4-hydroxyphenyl)methyl]-3-undecylbutanedioic acid",2,0,C22H34O7,3533413.0
145965360,408.5,C23H36O6,CCCCCCCCCCCC[C@H](C(=O)O)[C@@](CC1=CC=C(C=C1)O)(C(=O)O)O,"(2S,3S)-3-dodecyl-2-hydroxy-2-[(4-hydroxyphenyl)methyl]butanedioic acid",2,0,C23H36O7,16059449.0
145964312,380.5,C21H32O6,CCCCCCCCCC[C@H](C(=O)O)[C@@](CC1=CC=C(C=C1)O)(C(=O)O)O,"(2S,3S)-3-decyl-2-hydroxy-2-[(4-hydroxyphenyl)methyl]butanedioic acid",2,0,C21H32O7,3418226.0
145721263,396.5,C24H28O5,C[C@]12CCCC([C@@H]1[C@H](CC3=C2C(=O)OC3)OC(=O)/C=C/C4=CC=C(C=C4)O)(C)C,"[(5S,5aS,9aS)-6,6,9a-trimethyl-1-oxo-4,5,5a,7,8,9-hexahydro-3H-benzo[e][2]benzofuran-5-yl] (E)-3-(4-hydroxyphenyl)prop-2-enoate",2,0,C24H28O6,141783180.0
142550289,396.5,C24H28O5,CCCC(=CCC1=C(C2=C(C=C1O)OC(CC2=O)C3=CC=C(C=C3)O)O)CCC,"5,7-dihydroxy-2-(4-hydroxyphenyl)-6-(3-propylhex-2-enyl)-2,3-dihydrochromen-4-one",1,4,C24H28O6,141783180.0
141165735,298.33,C15H22O6,C1=CC(=CC=C1CCC[C@H]2[C@@H]([C@H]([C@@H]([C@H](O2)CO)O)O)O)O,"(2R,3S,4R,5R,6S)-2-(hydroxymethyl)-6-[3-(4-hydroxyphenyl)propyl]oxane-3,4,5-triol",1,2,C15H22O7,67567647.0
139144493,716.9,C52H44O3,CC1=CC=CC=C1.CC1=C(C(=C(C(=C1C2=CC=C(C=C2)C3=CC=C(C=C3)O)C)C4=CC=C(C=C4)C5=CC=C(C=C5)O)C)C6=CC=C(C=C6)C7=CC=C(C=C7)O,"4-[4-[3,5-bis[4-(4-hydroxyphenyl)phenyl]-2,4,6-trimethylphenyl]phenyl]phenol;toluene",1,0,C52H44O4,70012194.0
139116330,344.4,C24H24O2,CCC/C(=C(/CCC)\C#CC1=CC=C(C=C1)O)/C#CC2=CC=C(C=C2)O,4-[(E)-4-[2-(4-hydroxyphenyl)ethynyl]-3-propylhept-3-en-1-ynyl]phenol,2,0,C24H24O3,10737245.0
139063446,328.4,C21H28O3,CC/C(=C(/CC)\C1=CC=C(C=C1)O)/C2=CC=C(C=C2)O.CC(C)O,4-[(E)-4-(4-hydroxyphenyl)hex-3-en-3-yl]phenol;propan-2-ol,1,0,C21H28O4,19352786.0
138971888,262.3,C18H14O2,C1=CC=C(C=C1)C2=CC(=CC(=C2)O)C3=CC=C(C=C3)O,3-(4-hydroxyphenyl)-5-phenylphenol,1,0,C18H14O3,22508143.0
137662307,442.6,C30H34O3,CCCCOC(=O)/C=C/C1=CC=C(C=C1)C(=C2C3CC4CC(C3)CC2C4)C5=CC=C(C=C5)O,butyl (E)-3-[4-[2-adamantylidene-(4-hydroxyphenyl)methyl]phenyl]prop-2-enoate,1,0,C30H34O4,157901567.0
137659010,444.6,C29H32O4,C1C2CC3CC1CC(C2)C3=C(C4=CC=C(C=C4)/C=C/C(=O)OCCCO)C5=CC=C(C=C5)O,3-hydroxypropyl (E)-3-[4-[2-adamantylidene-(4-hydroxyphenyl)methyl]phenyl]prop-2-enoate,1,0,C29H32O5,158797853.0
137650614,430.5,C28H30O4,C1C2CC3CC1CC(C2)C3=C(C4=CC=C(C=C4)/C=C/C(=O)OCCO)C5=CC=C(C=C5)O,2-hydroxyethyl (E)-3-[4-[2-adamantylidene-(4-hydroxyphenyl)methyl]phenyl]prop-2-enoate,1,0,C28H30O5,10742027.0
137648454,388.5,C25H24O4,CC(CC(=C(C1=CC=C(C=C1)O)C2=CC=C(C=C2)O)C3=CC=CC=C3)C(=O)OC,"methyl 5,5-bis(4-hydroxyphenyl)-2-methyl-4-phenylpent-4-enoate",1,2,C25H24O5,3070124.0
137646525,386.5,C26H26O3,C1C2CC3CC1CC(C2)C3=C(C4=CC=C(C=C4)/C=C/C(=O)O)C5=CC=C(C=C5)O,(E)-3-[4-[2-adamantylidene-(4-hydroxyphenyl)methyl]phenyl]prop-2-enoic acid,1,1,C26H26O4,199505.0
137642810,458.6,C30H34O4,C1C2CC3CC1CC(C2)C3=C(C4=CC=C(C=C4)/C=C/C(=O)OCCCCO)C5=CC=C(C=C5)O,4-hydroxybutyl (E)-3-[4-[2-adamantylidene-(4-hydroxyphenyl)methyl]phenyl]prop-2-enoate,1,0,C30H34O5,10961752.0
137635423,400.5,C27H28O3,COC(=O)/C=C/C1=CC=C(C=C1)C(=C2C3CC4CC(C3)CC2C4)C5=CC=C(C=C5)O,methyl (E)-3-[4-[2-adamantylidene-(4-hydroxyphenyl)methyl]phenyl]prop-2-enoate,1,0,C27H28O4,3070126.0
137348370,386.5,C26H26O3,COC1=CC=C(C=C1)[C@H]2CCCC(=C(C3=CC=C(C=C3)O)C4=CC=C(C=C4)O)C2,4-[(4-hydroxyphenyl)-[(3S)-3-(4-methoxyphenyl)cyclohexylidene]methyl]phenol,1,0,C26H26O4,199505.0
137348369,356.5,C25H24O2,C1C[C@H](CC(=C(C2=CC=C(C=C2)O)C3=CC=C(C=C3)O)C1)C4=CC=CC=C4,4-[(4-hydroxyphenyl)-[(3R)-3-phenylcyclohexylidene]methyl]phenol,1,0,C25H24O3,10406962.0
137348367,334.4,C23H26O2,C1CC[C@@H]2CC(=C(C3=CC=C(C=C3)O)C4=CC=C(C=C4)O)CC[C@H]2C1,"4-[[(4aR,8aR)-3,4,4a,5,6,7,8,8a-octahydro-1H-naphthalen-2-ylidene]-(4-hydroxyphenyl)methyl]phenol",1,0,C23H26O3,158595807.0
137348335,358.5,C25H26O2,CC(=C(C1=CC=C(C=C1)O)C2=CC=C(C=C2)O)C3=CC=C(C=C3)C(C)(C)C,4-[2-(4-tert-butylphenyl)-1-(4-hydroxyphenyl)prop-1-enyl]phenol,1,0,C25H26O3,11164707.0
135059008,438.5,C28H22O5,C1=CC(=CC=C1/C=C/C2=CC3=C(C=C2)OC(C3C4=CC=C(C=C4)O)C5=CC(=C(C=C5)O)O)O,"4-[3-(4-hydroxyphenyl)-5-[(E)-2-(4-hydroxyphenyl)ethenyl]-2,3-dihydro-1-benzofuran-2-yl]benzene-1,2-diol",1,0,C28H22O6,135057352.0
135058852,438.5,C28H22O5,C1=CC(=CC=C1/C=C/C2=CC3=C(C=C2)OC(C(O3)C4=CC=C(C=C4)O)C5=CC=C(C=C5)O)O,"4-[(E)-2-[2,3-bis(4-hydroxyphenyl)-2,3-dihydro-1,4-benzodioxin-6-yl]ethenyl]phenol",1,0,C28H22O6,135057352.0
135019145,468.5,C30H28O5,COC1=CC=CC(=C1)[C@H]2[C@@H]([C@H](O[C@@H]2C3=CC=C(C=C3)O)C4=CC=C(C=C4)O)C5=CC(=CC=C5)OC,"4-[(2S,3R,4R,5S)-5-(4-hydroxyphenyl)-3,4-bis(3-methoxyphenyl)oxolan-2-yl]phenol",1,0,C30H28O6,67511184.0
135015157,430.6,C29H34O3,CCCCCCC(C)OC(=O)C1=CC=C(C=C1)CCC2=CC=C(C=C2)C3=CC=C(C=C3)O,octan-2-yl 4-[2-[4-(4-hydroxyphenyl)phenyl]ethyl]benzoate,1,0,C29H34O4,6440739.0
134982533,400.5,C27H28O3,CC/C(=C(/C1=CC=C(C=C1)O)\C2=CC(=CC=C2)C(=O)OC(C)(C)C)/C3=CC=CC=C3,tert-butyl 3-[(E)-1-(4-hydroxyphenyl)-2-phenylbut-1-enyl]benzoate,1,0,C27H28O4,3070126.0
134942719,452.5,C27H32O6,C[C@@]12CC[C@H](C([C@H]1CC3=C(C=CC(=C3O2)C(=O)/C=C/C4=CC=C(C=C4)O)OCOC)(C)C)O,"(E)-1-[(7R,8aR,10aR)-7-hydroxy-1-(methoxymethoxy)-8,8,10a-trimethyl-6,7,8a,9-tetrahydro-5H-xanthen-4-yl]-3-(4-hydroxyphenyl)prop-2-en-1-one",1,0,C27H32O7,23528176.0
134813605,320.4,C22H24O2,C1CC2[C@@H]3C[C@H](C2C1)C(C3)(C4=CC=C(C=C4)O)C5=CC=C(C=C5)O,"4-[(1R,7R)-8-(4-hydroxyphenyl)-8-tricyclo[5.2.1.02,6]decanyl]phenol",1,0,C22H24O3,11045971.0
134714945,544.7,C34H40O6,CCCCCCCCC/C=C/[C@@H](C1=CC=C(C=C1)O)C2=C(C(=C(C=C2O)OC)C(=O)/C=C/C3=CC=C(C=C3)O)O,"(E)-1-[2,4-dihydroxy-3-[(E,1S)-1-(4-hydroxyphenyl)dodec-2-enyl]-6-methoxyphenyl]-3-(4-hydroxyphenyl)prop-2-en-1-one",1,0,C34H40O7,101363783.0
132991565,670.7,C42H38O8,C1=CC=C(C=C1)CCC(=O)C2=C(C=C(C(=C2O)C(C3=CC=C(C=C3)O)C(C/C=C/C4=CC=C(C=C4)O)COC(=O)/C=C/C5=CC=CC=C5)O)O,"[(E)-5-(4-hydroxyphenyl)-2-[(4-hydroxyphenyl)-[2,4,6-trihydroxy-3-(3-phenylpropanoyl)phenyl]methyl]pent-4-enyl] (E)-3-phenylprop-2-enoate",1,0,C42H38O9,172870810.0
131877413,368.5,C23H28O4,CCC(C)(C(=O)O)OC1=CC=C(C=C1)C2(CCCCC2)C3=CC=C(C=C3)O,2-[4-[1-(4-hydroxyphenyl)cyclohexyl]phenoxy]-2-methylbutanoic acid,1,0,C23H28O5,24879969.0
129892648,432.5,C24H32O7,CC(C)(C1=CC=C(C=C1)O)C2=CC=C(C=C2)OC(CC(CO)O)(CC(CO)O)C3CO3,"4-[4-[2-(4-hydroxyphenyl)propan-2-yl]phenoxy]-4-(oxiran-2-yl)heptane-1,2,6,7-tetrol",1,0,C24H32O8,121426330.0
129883670,817.0,C45H68O13,CCCCCCCCOC1=C(C(=C2C(=C1O)C(=O)C(=C(O2)OCCCCCCCC)C3=CC=C(C=C3)O)OCCCCCCCC)O[C@H]4C(C([C@@H](C(O4)CO)O)O)O,"5-hydroxy-3-(4-hydroxyphenyl)-2,6,8-trioctoxy-7-[(2S,5S)-3,4,5-trihydroxy-6-(hydroxymethyl)oxan-2-yl]oxychromen-4-one",1,0,C45H68O14,90739696.0
129882056,562.6,C36H34O6,COC1=C(C(=C(C(=C1CC2=CC=C(C=C2)O)O)CC3=CC=C(C=C3)O)CCC4=CC(=CC=C4)O)CC5=CC=C(C=C5)O,"3-[2-(3-hydroxyphenyl)ethyl]-2,4,6-tris[(4-hydroxyphenyl)methyl]-5-methoxyphenol",3,0,C36H34O7,16095366.0
129879302,454.5,C29H26O5,C1=CC(=CC=C1C(CC(=O)CC(C2=CC=C(C=C2)O)C3=CC=C(C=C3)O)C4=CC=C(C=C4)O)O,"1,1,5,5-tetrakis(4-hydroxyphenyl)pentan-3-one",1,0,C29H26O6,140288934.0
129878792,242.31,C16H18O2,C1CC2=C(CCC(C2)C3=CC=C(C=C3)O)C(=O)C1,"6-(4-hydroxyphenyl)-3,4,5,6,7,8-hexahydro-2H-naphthalen-1-one",1,0,C16H18O3,285881.0
129866940,348.4,C25H16O2,C1=CC2=C3C(=C1)C=CC4=C(C=CC(=C43)C=C2)/C=C/C(=O)C5=CC=C(C=C5)O,(E)-1-(4-hydroxyphenyl)-3-pyren-1-ylprop-2-en-1-one,1,0,C25H16O3,57236614.0
129866609,404.5,C24H36O5,C/C(=C\CCC(C)(C=C)O)/CC[C@H](C(C)(C)O)OC(=O)CCC1=CC=C(C=C1)O,"[(3R,6E)-2,10-dihydroxy-2,6,10-trimethyldodeca-6,11-dien-3-yl] 3-(4-hydroxyphenyl)propanoate",1,0,C24H36O6,68247147.0
129866592,420.5,C24H36O6,CC1(CCC(O1)C(C)(CC[C@H](C(C)(C)O)OC(=O)CCC2=CC=C(C=C2)O)O)C=C,"[(3R)-6-(5-ethenyl-5-methyloxolan-2-yl)-2,6-dihydroxy-2-methylheptan-3-yl] 3-(4-hydroxyphenyl)propanoate",1,0,C24H36O7,67847830.0
129863894,498.6,C32H34O5,CCOC1=CC(=C(C=C1)C)C(C2=CC=C(C=C2)O)OC(C3=CC=C(C=C3)O)C4=C(C=CC(=C4)OCC)C,4-[(5-ethoxy-2-methylphenyl)-[(5-ethoxy-2-methylphenyl)-(4-hydroxyphenyl)methoxy]methyl]phenol,1,0,C32H34O6,89681681.0
129863784,466.7,C30H42O4,C1=CC(=CC=C1C(=O)CCCCCCCCCCCCCCCCC(=O)C2=CC=C(C=C2)O)O,"1,18-bis(4-hydroxyphenyl)octadecane-1,18-dione",1,0,C30H42O5,137532579.0
129863769,410.6,C27H38O3,CCCC(CC)C(C1=CC=C(C=C1)O)C(=O)C(C2=CC=C(C=C2)O)C(CC)CCC,"4,8-diethyl-5,7-bis(4-hydroxyphenyl)undecan-6-one",1,0,C27H38O4,57452654.0
129863423,356.5,C24H36O2,CCCCCCCCC#CCCCCCCCC(=O)C1=CC=C(C=C1)O,1-(4-hydroxyphenyl)octadec-9-yn-1-one,1,0,C24H36O3,90218839.0
129826096,182.22,C10H14O3,C[C@@H]([C@H](CC1=CC=C(C=C1)O)O)O,"(2S,3S)-1-(4-hydroxyphenyl)butane-2,3-diol",2,0,C10H14O4,3516.0
129826023,182.22,C10H14O3,C[C@@H]([C@@H](CC1=CC=C(C=C1)O)O)O,"(2R,3S)-1-(4-hydroxyphenyl)butane-2,3-diol",2,0,C10H14O4,3516.0
129821909,398.4,C29H18O2,C#CC1=CC2=C(C=C1)C(C3=C2C=C(C=C3)C#C)(C4=CC=C(C=C4)O)C5=CC=C(C=C5)O,"4-[3,6-diethynyl-9-(4-hydroxyphenyl)fluoren-9-yl]phenol",1,0,C29H18O3,168878214.0
129817608,492.6,C33H32O4,C1CCC2(C1)O[C@@H]([C@H](O2)[C@H](C3=CC=CC=C3)C4=CC=C(C=C4)O)[C@H](C5=CC=CC=C5)C6=CC=C(C=C6)O,"4-[(R)-[(2R,3R)-3-[(R)-(4-hydroxyphenyl)-phenylmethyl]-1,4-dioxaspiro[4.4]nonan-2-yl]-phenylmethyl]phenol",1,0,C33H32O5,140541636.0
129803200,260.3,C18H12O2,C1=CC2=C3C(=C1)C(C(=O)C3=CC=C2)C4=CC=C(C=C4)O,2-(4-hydroxyphenyl)-2H-acenaphthylen-1-one,1,1,C18H12O3,172464012.0
129748211,242.31,C16H18O2,CC1(CC(=CC(=O)C1)/C=C\C2=CC=C(C=C2)O)C,"3-[(Z)-2-(4-hydroxyphenyl)ethenyl]-5,5-dimethylcyclohex-2-en-1-one",1,0,C16H18O3,285881.0
129728797,200.23,C13H12O2,C=CC(=O)C=CC=CC1=CC=C(C=C1)O,"7-(4-hydroxyphenyl)hepta-1,4,6-trien-3-one",1,0,C13H12O3,11977435.0
129727360,200.23,C13H12O2,C1C=C(C=CC1=O)CC2=CC=C(C=C2)O,"4-[(4-hydroxyphenyl)methyl]cyclohexa-2,4-dien-1-one",1,1,C13H12O3,11977435.0
129725241,548.8,C37H56O3,C[C@H](CC[C@@H](C)C(C)COC(=O)/C=C/C1=CC=C(C=C1)O)[C@H]2CC[C@@H]3[C@@]2(CC[C@H]4[C@H]3CCC5[C@@]4(CCCC5)C)C,"[(3R,6R)-6-[(8R,9S,10S,13R,14S,17R)-10,13-dimethyl-2,3,4,5,6,7,8,9,11,12,14,15,16,17-tetradecahydro-1H-cyclopenta[a]phenanthren-17-yl]-2,3-dimethylheptyl] (E)-3-(4-hydroxyphenyl)prop-2-enoate",2,0,C37H56O4,145370214.0
129694243,346.5,C24H26O2,CC(C)C1=CC(=C(C=C1C2=CC=C(C=C2)O)C3=CC=C(C=C3)O)C(C)C,"4-[5-(4-hydroxyphenyl)-2,4-di(propan-2-yl)phenyl]phenol",1,62,C24H26O3,143192266.0
129656926,394.4,C26H18O4,C1=CC=C(C=C1)C(=O)C2=CC=CC=C2OC3=CC=C(C=C3)C(=O)C4=CC=C(C=C4)O,[4-(2-benzoylphenoxy)phenyl]-(4-hydroxyphenyl)methanone,1,0,C26H18O5,166175309.0
127047181,378.5,C25H30O3,CC(=CCC/C(=C\CC1=C(C=C(C=C1OC)O)/C=C/C2=CC=C(C=C2)O)/C)C,"4-[(2Z)-3,7-dimethylocta-2,6-dienyl]-3-[(E)-2-(4-hydroxyphenyl)ethenyl]-5-methoxyphenol",1,0,C25H30O4,442414.0
127042182,890.9,C56H42O11,C1=CC2=C3[C@@H]([C@H](OC3=C1)C4=CC=C(C=C4)O)C5=C([C@@H]([C@H]2C6=C(C=CC(=C6)/C=C/C7=C8[C@@H]([C@H](OC8=CC(=C7)O)C9=CC=C(C=C9)O)C1=CC(=CC(=C1)O)O)O)C1=CC=C(C=C1)O)C(=CC(=C5)O)O,"(1S,8S,9R,16S)-9-[5-[(E)-2-[(2S,3S)-3-(3,5-dihydroxyphenyl)-6-hydroxy-2-(4-hydroxyphenyl)-2,3-dihydro-1-benzofuran-4-yl]ethenyl]-2-hydroxyphenyl]-8,16-bis(4-hydroxyphenyl)-15-oxatetracyclo[8.6.1.02,7.014,17]heptadeca-2(7),3,5,10(17),11,13-hexaene-4,6-diol",1,0,C56H42O12,101157337.0
127034044,270.4,C18H22O2,C/C(=C\CC[C@@](C)(C=C)/C=C/C1=CC=C(C=C1)O)/C=O,"(2E,6S,7E)-6-ethenyl-8-(4-hydroxyphenyl)-2,6-dimethylocta-2,7-dienal",1,0,C18H22O3,133896.0
127033195,332.4,C23H24O2,C[C@](CC/C=C/C(=O)C1=CC=CC=C1)(C=C)/C=C/C2=CC=C(C=C2)O,"(2E,6S,7E)-6-ethenyl-8-(4-hydroxyphenyl)-6-methyl-1-phenylocta-2,7-dien-1-one",1,0,C23H24O3,14027582.0
123498336,268.35,C15H24O4,C1=CC(=CC=C1COC(CCCCCCCO)O)O,"1-[(4-hydroxyphenyl)methoxy]octane-1,8-diol",1,0,C15H24O5,10308294.0
123133795,314.4,C22H18O2,C1C(=C(C2=CC=C(C=C2)O)C3=CC=C(C=C3)O)CC4=CC=CC=C41,"4-[1,3-dihydroinden-2-ylidene-(4-hydroxyphenyl)methyl]phenol",1,0,C22H18O3,49840041.0
122194124,338.5,C23H30O2,CC1(CC(CC(C1)(C)C)C(C2=CC=C(C=C2)O)C3=CC=C(C=C3)O)C,"4-[(4-hydroxyphenyl)-(3,3,5,5-tetramethylcyclohexyl)methyl]phenol",1,1,C23H30O3,22164971.0
122194123,350.5,C24H30O2,C1CCC2(CC1)CCCC(C2)C(C3=CC=C(C=C3)O)C4=CC=C(C=C4)O,4-[(4-hydroxyphenyl)-spiro[5.5]undecan-4-ylmethyl]phenol,1,0,C24H30O3,20256927.0
122190690,460.6,C30H36O4,CC(=CCC/C(=C/CC1=CC(=C(C(=C1O)CC=C(C)C)O)C(=O)/C=C/C2=CC=C(C=C2)O)/C)C,"(E)-1-[5-[(2E)-3,7-dimethylocta-2,6-dienyl]-2,4-dihydroxy-3-(3-methylbut-2-enyl)phenyl]-3-(4-hydroxyphenyl)prop-2-en-1-one",1,0,C30H36O5,102349727.0
122190203,438.5,C28H22O5,C1=CC=C(C=C1)CC2=C(C(C3=C2C=C(C=C3O)O)C4=CC=C(C=C4)O)C5=CC(=CC(=C5)O)O,"1-benzyl-2-(3,5-dihydroxyphenyl)-3-(4-hydroxyphenyl)-3H-indene-4,6-diol",1,0,C28H22O6,135057352.0
122178995,370.4,C25H22O3,CC/C(=C(\C1=CC=CC=C1)/C2=CC=C(C=C2)/C=C/C(=O)O)/C3=CC=C(C=C3)O,(E)-3-[4-[(Z)-2-(4-hydroxyphenyl)-1-phenylbut-1-enyl]phenyl]prop-2-enoic acid,2,2,C25H22O4,71122214.0
122177581,270.4,C18H22O2,CC(=C)C(=O)CC[C@@](C)(C=C)/C=C/C1=CC=C(C=C1)O,"(6S,7E)-6-ethenyl-8-(4-hydroxyphenyl)-2,6-dimethylocta-1,7-dien-3-one",2,0,C18H22O3,133896.0
118988369,352.4,C25H20O2,CC(=C(C1=CC=C(C=C1)O)C2=CC=C(C=C2)O)C3=CC4=CC=CC=C4C=C3,4-[1-(4-hydroxyphenyl)-2-naphthalen-2-ylprop-1-enyl]phenol,1,0,C25H20O3,998422.0
118730763,460.6,C30H36O4,CC(=CCC/C(=C\CC1=CC(=C(C(=C1O)CC=C(C)C)O)C(=O)/C=C/C2=CC=C(C=C2)O)/C)C,"(E)-1-[5-[(2Z)-3,7-dimethylocta-2,6-dienyl]-2,4-dihydroxy-3-(3-methylbut-2-enyl)phenyl]-3-(4-hydroxyphenyl)prop-2-en-1-one",1,0,C30H36O5,102349727.0
118730762,460.6,C30H36O4,CC(=CCC/C(=C/CC1=C(C(=CC(=C1O)C(=O)/C=C/C2=CC=C(C=C2)O)CC=C(C)C)O)/C)C,"(E)-1-[3-[(2E)-3,7-dimethylocta-2,6-dienyl]-2,4-dihydroxy-5-(3-methylbut-2-enyl)phenyl]-3-(4-hydroxyphenyl)prop-2-en-1-one",2,0,C30H36O5,102349727.0
118730485,412.6,C27H40O3,C[C@H](CCCC(C)C)[C@H]1CC[C@@H]2[C@@]1(CCC[C@@H]2OC(=O)/C=C/C3=CC=C(C=C3)O)C,"[(1R,3aR,4S,7aR)-7a-methyl-1-[(2R)-6-methylheptan-2-yl]-1,2,3,3a,4,5,6,7-octahydroinden-4-yl] (E)-3-(4-hydroxyphenyl)prop-2-enoate",1,0,C27H40O4,11373746.0
117964278,276.3,C19H16O2,CC1=C(C=CC=C1C2=CC=C(C=C2)O)C3=CC=C(C=C3)O,4-[3-(4-hydroxyphenyl)-2-methylphenyl]phenol,1,6,C19H16O3,167947.0
102577452,778.7,C40H42O16,C1=CC(=CC=C1/C=C/2\[C@@H]([C@H](C3=C(C(=C(C=C23)O)[C@H]4[C@@H]([C@H]([C@@H]([C@H](O4)CO)O)O)O)O)C5=CC(=C(C(=C5)O)[C@H]6[C@@H]([C@H]([C@@H]([C@H](O6)CO)O)O)O)O)C7=CC=C(C=C7)O)O,"(2S,3R,4R,5S,6R)-2-[4-[(1S,2S,3E)-5,7-dihydroxy-2-(4-hydroxyphenyl)-3-[(4-hydroxyphenyl)methylidene]-6-[(2S,3R,4R,5S,6R)-3,4,5-trihydroxy-6-(hydroxymethyl)oxan-2-yl]-1,2-dihydroinden-1-yl]-2,6-dihydroxyphenyl]-6-(hydroxymethyl)oxane-3,4,5-triol",3,0,C40H42O17,142992842.0
102577447,778.7,C40H42O16,C1=CC(=CC=C1/C=C/C2=CC(=C(C3=C2[C@@H]([C@H](O3)C4=CC=C(C=C4)O)C5=CC(=C(C(=C5)O)[C@H]6[C@@H]([C@H]([C@@H]([C@H](O6)CO)O)O)O)O)[C@H]7[C@@H]([C@H]([C@@H]([C@H](O7)CO)O)O)O)O)O,"(2S,3R,4R,5S,6R)-2-[2,6-dihydroxy-4-[(2S,3S)-6-hydroxy-2-(4-hydroxyphenyl)-4-[(E)-2-(4-hydroxyphenyl)ethenyl]-7-[(2S,3R,4R,5S,6R)-3,4,5-trihydroxy-6-(hydroxymethyl)oxan-2-yl]-2,3-dihydro-1-benzofuran-3-yl]phenyl]-6-(hydroxymethyl)oxane-3,4,5-triol",2,0,C40H42O17,142992842.0
102522668,470.4,C21H26O12,CC(CC(=O)O)(CC(=O)O)O[C@H]1[C@@H]([C@H]([C@@H]([C@H](O1)COC(=O)/C=C/C2=CC=C(C=C2)O)O)O)O,"3-methyl-3-[(2S,3R,4S,5S,6R)-3,4,5-trihydroxy-6-[[(E)-3-(4-hydroxyphenyl)prop-2-enoyl]oxymethyl]oxan-2-yl]oxypentanedioic acid",2,0,C21H26O13,171448.0
102353979,924.9,C56H44O13,C1=CC(=CC=C1[C@H]2[C@H]([C@@H]([C@H](O2)C3=CC=C(C=C3)O)C4=C5[C@H]([C@@H](OC5=CC(=C4)O)C6=CC=C(C=C6)O)C7=CC(=CC(=C7)O)O)C8=C9[C@H]([C@@H](OC9=CC(=C8)O)C1=CC=C(C=C1)O)C1=CC(=CC(=C1)O)O)O,"5-[(2R,3R)-4-[(2S,3R,4R,5R)-4-[(2R,3R)-3-(3,5-dihydroxyphenyl)-6-hydroxy-2-(4-hydroxyphenyl)-2,3-dihydro-1-benzofuran-4-yl]-2,5-bis(4-hydroxyphenyl)oxolan-3-yl]-6-hydroxy-2-(4-hydroxyphenyl)-2,3-dihydro-1-benzofuran-3-yl]benzene-1,3-diol",2,0,C56H44O14,145954356.0
102321409,440.5,C28H24O5,C1=CC(=CC=C1/C=C/C2=CC=C(C=C2)OC(C3=CC=C(C=C3)O)C(C4=CC=C(C=C4)O)O)O,"4-[(E)-2-[4-[2-hydroxy-1,2-bis(4-hydroxyphenyl)ethoxy]phenyl]ethenyl]phenol",1,0,C28H24O6,68846116.0
102321408,422.5,C28H22O4,C1=CC(=CC=C1/C=C/C2=CC3=C(C=C2)OC(C3C4=CC=C(C=C4)O)C5=CC=C(C=C5)O)O,"4-[(E)-2-[2,3-bis(4-hydroxyphenyl)-2,3-dihydro-1-benzofuran-5-yl]ethenyl]phenol",1,0,C28H22O5,135059008.0
102316538,562.6,C36H34O6,COC1=C(C(=C(C(=C1)O)CC2=CC=C(C=C2)O)CCC3=C(C=CC(=C3)CC4=CC=C(C=C4)O)O)CC5=CC=C(C=C5)O,"3-[2-[2-hydroxy-5-[(4-hydroxyphenyl)methyl]phenyl]ethyl]-2,4-bis[(4-hydroxyphenyl)methyl]-5-methoxyphenol",4,0,C36H34O7,16095366.0
101845673,562.6,C36H34O6,COC1=C(C(=C(C(=C1)O)CC2=CC=C(C=C2)O)CCC3=CC(=C(C=C3)CC4=CC=C(C=C4)O)O)CC5=CC=C(C=C5)O,"3-[2-[3-hydroxy-4-[(4-hydroxyphenyl)methyl]phenyl]ethyl]-2,4-bis[(4-hydroxyphenyl)methyl]-5-methoxyphenol",2,3,C36H34O7,16095366.0
101844777,342.34,C16H22O8,CC(=O)OC[C@@H]1[C@H]([C@@H]([C@H]([C@@H](O1)OCCC2=CC=C(C=C2)O)O)O)O,"[(2R,3S,4S,5R,6R)-3,4,5-trihydroxy-6-[2-(4-hydroxyphenyl)ethoxy]oxan-2-yl]methyl acetate",1,0,C16H22O9,70637199.0
101787717,500.5,C27H32O9,C1[C@@H](OC(=CC1=O)CCC2=CC=C(C=C2)O)CCC3=CC=C(C=C3)O[C@H]4[C@@H]([C@H]([C@@H]([C@H](O4)CO)O)O)O,"(2S)-6-[2-(4-hydroxyphenyl)ethyl]-2-[2-[4-[(2S,3R,4S,5S,6R)-3,4,5-trihydroxy-6-(hydroxymethyl)oxan-2-yl]oxyphenyl]ethyl]-2,3-dihydropyran-4-one",2,0,C27H32O10,170852110.0
101725652,924.9,C56H44O13,C1=CC(=CC=C1[C@H]2[C@@H]([C@@H]([C@@H](O2)C3=CC=C(C=C3)O)C4=C5[C@H]([C@@H](OC5=CC(=C4)O)C6=CC=C(C=C6)O)C7=CC(=CC(=C7)O)O)C8=C9[C@@H]([C@H](OC9=CC(=C8)O)C1=CC=C(C=C1)O)C1=CC(=CC(=C1)O)O)O,"5-[(2R,3R)-4-[(2R,3R,4S,5R)-4-[(2S,3S)-3-(3,5-dihydroxyphenyl)-6-hydroxy-2-(4-hydroxyphenyl)-2,3-dihydro-1-benzofuran-4-yl]-2,5-bis(4-hydroxyphenyl)oxolan-3-yl]-6-hydroxy-2-(4-hydroxyphenyl)-2,3-dihydro-1-benzofuran-3-yl]benzene-1,3-diol",2,0,C56H44O14,145954356.0
101725651,924.9,C56H44O13,C1=CC(=CC=C1[C@H]2[C@@H]([C@H]([C@H](O2)C3=CC=C(C=C3)O)C4=C5[C@@H]([C@H](OC5=CC(=C4)O)C6=CC=C(C=C6)O)C7=CC(=CC(=C7)O)O)C8=C9[C@@H]([C@H](OC9=CC(=C8)O)C1=CC=C(C=C1)O)C1=CC(=CC(=C1)O)O)O,"5-[(2S,3S)-4-[(2R,3S,4S,5S)-4-[(2S,3S)-3-(3,5-dihydroxyphenyl)-6-hydroxy-2-(4-hydroxyphenyl)-2,3-dihydro-1-benzofuran-4-yl]-2,5-bis(4-hydroxyphenyl)oxolan-3-yl]-6-hydroxy-2-(4-hydroxyphenyl)-2,3-dihydro-1-benzofuran-3-yl]benzene-1,3-diol",4,0,C56H44O14,145954356.0
101718429,450.5,C30H26O4,C1C2=C(C=C(C=C2C(=O)[C@]1(CC3=CC=C(C=C3)O)CO)C4=CC=C(C=C4)O)CC5=CC=CC=C5,(2S)-4-benzyl-2-(hydroxymethyl)-6-(4-hydroxyphenyl)-2-[(4-hydroxyphenyl)methyl]-3H-inden-1-one,1,0,C30H26O5,135057355.0
101441336,264.3,C18H16O2,CC(C1=CC=C(C=C1)O)C2=C(C=CC3=CC=CC=C32)O,1-[1-(4-hydroxyphenyl)ethyl]naphthalen-2-ol,1,0,C18H16O3,20058624.0
101298854,200.23,C13H12O2,CC1=CC(=C(C=C1)C2=CC=C(C=C2)O)O,2-(4-hydroxyphenyl)-5-methylphenol,1,0,C13H12O3,11977435.0
101236482,890.9,C56H42O11,C1=CC(=C2[C@@H]([C@H](OC2=C1)C3=CC=C(C=C3)O)C4=CC(=CC(=C4)O)O)[C@@H]5[C@H](C6[C@@H](C7=C(C=C(C=C7O)O)C8[C@H](OC9=C8C6=C5C(=C9)O)C1=CC=C(C=C1)O)C1=CC=C(C=C1)O)C1=CC=C(C=C1)O,"(2S,3S,9S,17R)-3-[(2S,3S)-3-(3,5-dihydroxyphenyl)-2-(4-hydroxyphenyl)-2,3-dihydro-1-benzofuran-4-yl]-2,9,17-tris(4-hydroxyphenyl)-8-oxapentacyclo[8.7.2.04,18.07,19.011,16]nonadeca-4(18),5,7(19),11(16),12,14-hexaene-5,13,15-triol",3,0,C56H42O12,101157337.0
101236481,890.9,C56H42O11,C1=CC(=C2[C@@H]([C@H](OC2=C1)C3=CC=C(C=C3)O)C4=CC(=CC(=C4)O)O)[C@@H]5[C@H](C6[C@H](C7=C(C=C(C=C7O)O)C8[C@H](OC9=C8C6=C5C(=C9)O)C1=CC=C(C=C1)O)C1=CC=C(C=C1)O)C1=CC=C(C=C1)O,"(2S,3S,9S,17S)-3-[(2S,3S)-3-(3,5-dihydroxyphenyl)-2-(4-hydroxyphenyl)-2,3-dihydro-1-benzofuran-4-yl]-2,9,17-tris(4-hydroxyphenyl)-8-oxapentacyclo[8.7.2.04,18.07,19.011,16]nonadeca-4(18),5,7(19),11(16),12,14-hexaene-5,13,15-triol",2,0,C56H42O12,101157337.0
101073245,778.7,C40H42O16,C1=CC(=CC=C1/C=C/C2=CC(=C(C3=C2[C@H]([C@@H](O3)C4=CC=C(C=C4)O)C5=CC(=C(C(=C5)O)[C@H]6[C@@H]([C@H]([C@@H]([C@H](O6)CO)O)O)O)O)[C@@H]7[C@H]([C@@H]([C@H](O[C@H]7O)CO)O)O)O)O,"(2S,3R,4R,5S,6R)-2-[2,6-dihydroxy-4-[(2R,3R)-6-hydroxy-2-(4-hydroxyphenyl)-4-[(E)-2-(4-hydroxyphenyl)ethenyl]-7-[(2R,3R,4R,5S,6R)-2,4,5-trihydroxy-6-(hydroxymethyl)oxan-3-yl]-2,3-dihydro-1-benzofuran-3-yl]phenyl]-6-(hydroxymethyl)oxane-3,4,5-triol",2,0,C40H42O17,142992842.0
101073244,778.7,C40H42O16,C1=CC(=CC=C1/C=C\2/[C@@H]([C@H](C3=C(C(=C(C=C23)O)[C@@H]4[C@H]([C@@H]([C@H](O[C@H]4O)CO)O)O)O)C5=CC(=C(C(=C5)O)[C@H]6[C@@H]([C@H]([C@@H]([C@H](O6)CO)O)O)O)O)C7=CC=C(C=C7)O)O,"(2S,3R,4R,5S,6R)-2-[4-[(1S,2S,3Z)-5,7-dihydroxy-2-(4-hydroxyphenyl)-3-[(4-hydroxyphenyl)methylidene]-6-[(2R,3R,4R,5S,6R)-2,4,5-trihydroxy-6-(hydroxymethyl)oxan-3-yl]-1,2-dihydroinden-1-yl]-2,6-dihydroxyphenyl]-6-(hydroxymethyl)oxane-3,4,5-triol",2,0,C40H42O17,142992842.0
101011050,778.7,C40H42O16,C1=CC(=CC=C1/C=C/C2=CC(=C(C3=C2[C@H]([C@@H](O3)C4=CC=C(C=C4)O)C5=CC(=C(C(=C5)O)[C@H]6[C@@H]([C@H]([C@@H]([C@H](O6)CO)O)O)O)O)[C@H]7[C@@H]([C@H]([C@@H]([C@H](O7)CO)O)O)O)O)O,"(2S,3R,4R,5S,6R)-2-[2,6-dihydroxy-4-[(2R,3R)-6-hydroxy-2-(4-hydroxyphenyl)-4-[(E)-2-(4-hydroxyphenyl)ethenyl]-7-[(2S,3R,4R,5S,6R)-3,4,5-trihydroxy-6-(hydroxymethyl)oxan-2-yl]-2,3-dihydro-1-benzofuran-3-yl]phenyl]-6-(hydroxymethyl)oxane-3,4,5-triol",4,4,C40H42O17,142992842.0
92466568,168.19,C9H12O3,C[C@@H]([C@@H](C1=CC=C(C=C1)O)O)O,"(1R,2S)-1-(4-hydroxyphenyl)propane-1,2-diol",2,0,C9H12O4,10805.0
92015298,242.31,C16H18O2,CC1(CC(=CC(=O)C1)/C=C/C2=CC=C(C=C2)O)C,"3-[(E)-2-(4-hydroxyphenyl)ethenyl]-5,5-dimethylcyclohex-2-en-1-one",2,0,C16H18O3,285881.0
91497046,342.34,C16H22O8,CC(C(=O)CC1=CC=C(C=C1)O)O[C@H]2[C@@H]([C@H]([C@@H]([C@H](O2)CO)O)O)O,"1-(4-hydroxyphenyl)-3-[(2S,3R,4S,5S,6R)-3,4,5-trihydroxy-6-(hydroxymethyl)oxan-2-yl]oxybutan-2-one",1,0,C16H22O9,70637199.0
91472541,460.6,C30H36O4,CC(=CCC1C=C(C(=O)C(C1=O)(CC=C(C)C)CC=C(C)C)C(=O)C=CC2=CC=C(C=C2)O)C,"4-[3-(4-hydroxyphenyl)prop-2-enoyl]-2,2,6-tris(3-methylbut-2-enyl)cyclohex-4-ene-1,3-dione",1,0,C30H36O5,102349727.0
91256595,292.4,C20H20O2,C1CC2(CCC1C=C2C3=CC=C(C=C3)O)C4=CC=C(C=C4)O,4-[1-(4-hydroxyphenyl)-2-bicyclo[2.2.2]oct-2-enyl]phenol,1,0,C20H20O3,19088711.0
90935143,228.29,C15H16O2,C=C(C1=CC=C(C=C1)O)C(=O)C2=CCCCC2,1-(cyclohexen-1-yl)-2-(4-hydroxyphenyl)prop-2-en-1-one,1,0,C15H16O3,102722.0
90822532,558.9,C36H62O4,C1=CC(=CC=C1C=C(CCCCCCCCCCCCCCCCCCCCCCCCCCCO)C(=O)O)O,29-hydroxy-2-[(4-hydroxyphenyl)methylidene]nonacosanoic acid,1,0,C36H62O5,88693769.0
90806652,404.5,C24H36O5,CC(=CCCC(C)(C=C)O)CCC(C(C)(C)O)OC(=O)CCC1=CC=C(C=C1)O,"(2,10-dihydroxy-2,6,10-trimethyldodeca-6,11-dien-3-yl) 3-(4-hydroxyphenyl)propanoate",1,0,C24H36O6,68247147.0
90671937,316.4,C22H20O2,C1CC2=C(C=CC(=C2)O)[C@H]([C@H]1C3=CC=CC=C3)C4=CC=C(C=C4)O,"(5R,6S)-5-(4-hydroxyphenyl)-6-phenyl-5,6,7,8-tetrahydronaphthalen-2-ol",1,0,C22H20O3,9974016.0
90645495,378.5,C25H30O3,C1[C@H]2C=C[C@H]([C@H]3[C@@H]2[C@H]4[C@@H]1[C@@H]([C@H]4C=C3)CCCCCC5=CC=C(C=C5)O)C(=O)O,"(1S,2S,3R,6R,7R,10S,11S,12S)-2-[5-(4-hydroxyphenyl)pentyl]tetracyclo[8.2.1.03,12.06,11]trideca-4,8-diene-7-carboxylic acid",1,0,C25H30O4,442414.0
87579595,562.6,C36H34O6,COC1=C(C(=C(C(=C1)O)CC2=CC=C(C=C2)O)CCC3=CC(=CC(=C3)O)CC4=CC=C(C=C4)O)CC5=CC=C(C=C5)O,"3-[2-[3-hydroxy-5-[(4-hydroxyphenyl)methyl]phenyl]ethyl]-2,4-bis[(4-hydroxyphenyl)methyl]-5-methoxyphenol",5,31,C36H34O7,16095366.0
86096823,422.5,C28H22O4,C1=CC(=CC=C1C=CC(=O)C=CC2=CC=C(C=C2)O)C=CC(=O)C=CC3=CC=C(C=C3)O,"1-(4-hydroxyphenyl)-5-[4-[5-(4-hydroxyphenyl)-3-oxopenta-1,4-dienyl]phenyl]penta-1,4-dien-3-one",1,0,C28H22O5,135059008.0
85806292,228.29,C15H16O2,CC1=CC(=C(C=C1)O)C(C)C2=CC=C(C=C2)O,2-[1-(4-hydroxyphenyl)ethyl]-4-methylphenol,1,0,C15H16O3,102722.0
85685430,239.24,C15H11O3+,C1=CC(=C2C=CC(=[O+]C2=C1)C3=CC=C(C=C3)O)O,2-(4-hydroxyphenyl)chromenylium-5-ol,1,0,C15H11O4+,10424341.0
85557888,228.29,C15H16O2,CC1=C(C=CC(=C1)O)CCC2=CC=C(C=C2)O,4-[2-(4-hydroxyphenyl)ethyl]-3-methylphenol,8,0,C15H16O3,102722.0
78128217,392.6,C25H44O3,CCCCCCCCCCCCCCC(CC(CCC1=CC=C(C=C1)O)O)O,"1-(4-hydroxyphenyl)nonadecane-3,5-diol",1,0,C25H44O4,70502365.0
75411975,168.19,C9H12O3,CC(C(C1=CC=C(C=C1)O)O)O,"1-(4-hydroxyphenyl)propane-1,2-diol",3,6,C9H12O4,10805.0
73356678,422.5,C28H22O4,C1=CC=C(C=C1)[C@@H]2[C@H](OC3=CC(=CC(=C23)O)/C=C/C4=CC=C(C=C4)O)C5=CC=C(C=C5)O,"(2S,3S)-2-(4-hydroxyphenyl)-6-[(E)-2-(4-hydroxyphenyl)ethenyl]-3-phenyl-2,3-dihydro-1-benzofuran-4-ol",1,0,C28H22O5,135059008.0
73354280,328.4,C21H28O3,CC[C@@](C)(C1=CC=C(C=C1)O)[C@H](CCCCO)C2=CC=C(C=C2)O,"4-[(3R,4R)-8-hydroxy-3-(4-hydroxyphenyl)-3-methyloctan-4-yl]phenol",1,0,C21H28O4,19352786.0
73352770,324.5,C22H28O2,CC[C@@](C)(C1=CC=C(C=C1)O)[C@H](CCCC=C)C2=CC=C(C=C2)O,"4-[(3R,4R)-3-(4-hydroxyphenyl)-3-methylnon-8-en-4-yl]phenol",1,0,C22H28O3,23439831.0
73349778,354.5,C24H34O2,CCCCCCCC[C@H](C1=CC=C(C=C1)O)[C@@H](CC)C2=CC=C(C=C2)O,"4-[(3R,4S)-4-(4-hydroxyphenyl)dodecan-3-yl]phenol",1,0,C24H34O3,88595156.0
73345182,312.4,C21H28O2,CCCC[C@H](C1=CC=C(C=C1)O)[C@@](C)(CC)C2=CC=C(C=C2)O,"4-[(3R,4R)-3-(4-hydroxyphenyl)-3-methyloctan-4-yl]phenol",1,0,C21H28O3,5239155.0
73333946,368.5,C23H28O4,CCOC(=O)COC1=C(C=C(C=C1)C2=CC=C(C=C2)O)CC3CCCCC3,ethyl 2-[2-(cyclohexylmethyl)-4-(4-hydroxyphenyl)phenoxy]acetate,1,0,C23H28O5,24879969.0
73125918,338.5,C23H30O2,CC(C)CCCC(C)CCC1=CC=CC=C1C(=O)C2=CC=C(C=C2)O,"[2-(3,7-dimethyloctyl)phenyl]-(4-hydroxyphenyl)methanone",1,0,C23H30O3,22164971.0
73054360,544.7,C34H40O6,C[C@H]1C[C@@]2(CC(C(=C(O2)/C=C/C3=CC=C(C=C3)O)C(=O)CCC4=CC=C(C=C4)O)(C)C)O[C@H]5[C@@H]1C[C@@H](C(=C5)C)O,"1-[(2R,4S,4aR,6S,8aS)-6-hydroxy-6'-[(E)-2-(4-hydroxyphenyl)ethenyl]-4,4',4',7-tetramethylspiro[3,4,4a,5,6,8a-hexahydrochromene-2,2'-3H-pyran]-5'-yl]-3-(4-hydroxyphenyl)propan-1-one",2,0,C34H40O7,101363783.0
72792799,370.5,C26H26O2,C1C2CC3CC1CC(C2)C3(C4=CC5=C(C=C4)C=C(C=C5)C6=CC=C(C=C6)O)O,2-[6-(4-hydroxyphenyl)naphthalen-2-yl]adamantan-2-ol,1,0,C26H26O3,67634186.0
72792797,370.5,C26H26O2,C1C2CC3CC1CC(C2)C3(C4=CC=CC5=C4C=CC=C5C6=CC=C(C=C6)O)O,2-[5-(4-hydroxyphenyl)naphthalen-1-yl]adamantan-2-ol,1,0,C26H26O3,67634186.0
72792795,370.5,C26H26O2,C1C2CC3CC1CC(C2)C3(C4=CC=C(C5=CC=CC=C54)C6=CC=C(C=C6)O)O,2-[4-(4-hydroxyphenyl)naphthalen-1-yl]adamantan-2-ol,1,0,C26H26O3,67634186.0
72164690,376.4,C21H28O6,COC1=CC(=CC(=C1O)OC)CC[C@H](C[C@H](CCC2=CC=C(C=C2)O)O)O,"(3R,5S)-1-(4-hydroxy-3,5-dimethoxyphenyl)-7-(4-hydroxyphenyl)heptane-3,5-diol",2,0,C21H28O7,101148925.0
71719203,718.9,C42H54O10,CC/C=C\C/C=C\C/C=C\C/C=C\C/C=C\C/C=C\CCOC[C@@H]1[C@H]([C@@H]([C@H]([C@@H](O1)OC2=CC(=CC(=C2C(=O)CCC3=CC=C(C=C3)O)O)O)O)O)O,"1-[2-[(2S,3R,4S,5S,6R)-6-[[(3Z,6Z,9Z,12Z,15Z,18Z)-henicosa-3,6,9,12,15,18-hexaenoxy]methyl]-3,4,5-trihydroxyoxan-2-yl]oxy-4,6-dihydroxyphenyl]-3-(4-hydroxyphenyl)propan-1-one",1,0,C42H54O11,20714516.0
71716160,716.9,C40H60O11,CCCCCCCCCCCCCCCCCCC(=O)OC[C@@H]1[C@H]([C@@H]([C@H]([C@@H](O1)OC2=CC(=CC(=C2C(=O)CCC3=CC=C(C=C3)O)O)O)O)O)O,"[(2R,3S,4S,5R,6S)-6-[3,5-dihydroxy-2-[3-(4-hydroxyphenyl)propanoyl]phenoxy]-3,4,5-trihydroxyoxan-2-yl]methyl nonadecanoate",1,0,C40H60O12,22889271.0
71712303,270.4,C18H22O2,CCC(CC)(C1=CC=C(C=C1)O)C2=CC(=C(C=C2)O)C,4-[3-(4-hydroxyphenyl)pentan-3-yl]-2-methylphenol,1,2,C18H22O3,133896.0
71678227,530.6,C28H34O10,CC(=CCC1=C(C(=C(C=C1O[C@H]2[C@@H]([C@H]([C@@H]([C@H](O2)CO)OC)O)O)OC)C(=O)/C=C/C3=CC=C(C=C3)O)O)C,"(E)-1-[4-[(2S,3R,4R,5S,6R)-3,4-dihydroxy-6-(hydroxymethyl)-5-methoxyoxan-2-yl]oxy-2-hydroxy-6-methoxy-3-(3-methylbut-2-enyl)phenyl]-3-(4-hydroxyphenyl)prop-2-en-1-one",1,0,C28H34O11,102203408.0
71654198,438.5,C28H22O5,C1=CC=C(C=C1)C2C(=C(C3=C2C(=CC(=C3)O)O)CC4=CC=C(C=C4)O)C5=CC(=CC(=C5)O)O,"2-(3,5-dihydroxyphenyl)-1-[(4-hydroxyphenyl)methyl]-3-phenyl-3H-indene-4,6-diol",2,0,C28H22O6,135057352.0
71654038,438.5,C28H22O5,C1=CC=C(C=C1)[C@H]2[C@H]3[C@H]([C@@H](C4=C3C=C(C=C4O)O)C5=CC=C(C=C5)O)C6=C2C(=CC(=C6)O)O,"(4bR,5R,9bR,10R)-10-(4-hydroxyphenyl)-5-phenyl-4b,5,9b,10-tetrahydroindeno[2,1-a]indene-1,3,6,8-tetrol",2,0,C28H22O6,135057352.0
71591399,809.0,C50H64O9,C[C@@]12CCC3[C@@](C1CC[C@H]4C(=CC[C@@H]5[C@@]4(CC[C@H](C5(C)C)OC(=O)CCC(=O)OC6=CC(=C7C(=C6)OC=C(C7=O)C8=CC=C(C=C8)O)O)C)C2)(CC[C@@H](C3(C)C)OC)C,"4-O-[5-hydroxy-3-(4-hydroxyphenyl)-4-oxochromen-7-yl] 1-O-[(1S,6R,8R,11R,12S,16R,19S)-19-methoxy-1,7,7,11,16,20,20-heptamethyl-8-pentacyclo[13.8.0.03,12.06,11.016,21]tricos-3-enyl] butanedioate",1,0,C50H64O10,158084122.0
71591398,809.0,C50H64O9,C[C@@]12CCC3[C@@](C1CC[C@H]4C(=CC[C@@H]5[C@@]4(CC[C@H](C5(C)C)OC(=O)CCC(=O)OC6=CC(=C7C(=C6)OC=C(C7=O)C8=CC=C(C=C8)O)O)C)C2)(CC[C@H](C3(C)C)OC)C,"4-O-[5-hydroxy-3-(4-hydroxyphenyl)-4-oxochromen-7-yl] 1-O-[(1S,6R,8R,11R,12S,16R,19R)-19-methoxy-1,7,7,11,16,20,20-heptamethyl-8-pentacyclo[13.8.0.03,12.06,11.016,21]tricos-3-enyl] butanedioate",1,0,C50H64O10,158084122.0
71580944,520.7,C32H40O6,C1CCCC(CC1)OC(=O)C2C(C(C2C3=CC=C(C=C3)O)C(=O)OC4CCCCCC4)C5=CC=C(C=C5)O,"dicycloheptyl 2,4-bis(4-hydroxyphenyl)cyclobutane-1,3-dicarboxylate",1,0,C32H40O7,158684414.0
71580942,492.6,C30H36O6,C1CCC(CC1)OC(=O)C2C(C(C2C3=CC=C(C=C3)O)C(=O)OC4CCCCC4)C5=CC=C(C=C5)O,"dicyclohexyl 2,4-bis(4-hydroxyphenyl)cyclobutane-1,3-dicarboxylate",1,0,C30H36O7,10864119.0
71580856,464.5,C28H32O6,C1CCC(C1)OC(=O)C2C(C(C2C3=CC=C(C=C3)O)C(=O)OC4CCCC4)C5=CC=C(C=C5)O,"dicyclopentyl 2,4-bis(4-hydroxyphenyl)cyclobutane-1,3-dicarboxylate",1,0,C28H32O7,10648398.0
71580673,596.8,C38H44O6,CC(=C)C1CCC(=CC1)COC(=O)C2C(C(C2C3=CC=C(C=C3)O)C(=O)OCC4=CCC(CC4)C(=C)C)C5=CC=C(C=C5)O,"bis[(4-prop-1-en-2-ylcyclohexen-1-yl)methyl] 2,4-bis(4-hydroxyphenyl)cyclobutane-1,3-dicarboxylate",1,0,C38H44O7,10746328.0
71580463,492.6,C30H36O6,CCC/C=C/COC(=O)C1C(C(C1C2=CC=C(C=C2)O)C(=O)OC/C=C/CCC)C3=CC=C(C=C3)O,"bis[(E)-hex-2-enyl] 2,4-bis(4-hydroxyphenyl)cyclobutane-1,3-dicarboxylate",1,0,C30H36O7,10864119.0
71579656,520.7,C32H40O6,C1CCC(CC1)COC(=O)C2C(C(C2C3=CC=C(C=C3)O)C(=O)OCC4CCCCC4)C5=CC=C(C=C5)O,"bis(cyclohexylmethyl) 2,4-bis(4-hydroxyphenyl)cyclobutane-1,3-dicarboxylate",1,0,C32H40O7,158684414.0
71559669,370.4,C24H18O4,COC1=CC2=C(C=C1)C(=C(C(=O)O2)C3=CC=CC=C3)/C=C/C4=CC=C(C=C4)O,4-[(E)-2-(4-hydroxyphenyl)ethenyl]-7-methoxy-3-phenylchromen-2-one,1,0,C24H18O5,141029016.0
71523994,698.8,C39H54O11,CCCCC/C=C\C/C=C\CCCCCCCC(=O)OC[C@@H]1[C@H]([C@@H]([C@H]([C@@H](O1)OC2=CC(=CC(=C2C(=O)CCC3=CC=C(C=C3)O)O)O)O)O)O,"[(2R,3S,4S,5R,6S)-6-[3,5-dihydroxy-2-[3-(4-hydroxyphenyl)propanoyl]phenoxy]-3,4,5-trihydroxyoxan-2-yl]methyl (9Z,12Z)-octadeca-9,12-dienoate",1,0,C39H54O12,157192409.0
71456030,542.7,C34H38O6,CC1=C[C@@H]([C@H](C[C@@H]1O)[C@@H](C)CC(=O)C=C(C)C)OC2=CC=C(C=C2)/C=C/C(=C/C(=O)/C=C/C3=CC=C(C=C3)O)/O,"(6S)-6-[(1R,2R,5S)-5-hydroxy-2-[4-[(1E,3Z,6E)-3-hydroxy-7-(4-hydroxyphenyl)-5-oxohepta-1,3,6-trienyl]phenoxy]-4-methylcyclohex-3-en-1-yl]-2-methylhept-2-en-4-one",2,0,C34H38O7,20531789.0
71454465,418.5,C27H30O4,CC[C@](C)(C1=CC=CC=C1)[C@@H](C2=CC=C(C=C2)O)C3=CC=C(C=C3)OCCCC(=O)O,"4-[4-[(1S,2S)-1-(4-hydroxyphenyl)-2-methyl-2-phenylbutyl]phenoxy]butanoic acid",1,0,C27H30O5,10884579.0
71428818,238.32,C14H22O3,CCCCCC(CC(C1=CC=C(C=C1)O)O)O,"1-(4-hydroxyphenyl)octane-1,3-diol",1,0,C14H22O4,10400074.0
71306331,924.9,C56H44O13,C1=CC(=CC=C1[C@@H]2[C@H]([C@H]([C@@H](O2)C3=CC=C(C=C3)O)C4=CC5=C(C=C4O)O[C@H]([C@@H]5C6=CC7=C(C=C6O)O[C@H]([C@@H]7C8=CC(=CC(=C8)O)O)C9=CC=C(C=C9)O)C1=CC=C(C=C1)O)C1=CC(=CC(=C1)O)O)O,"5-[(2S,3R,4S,5R)-4-[(2R,3R)-3-[(2R,3R)-3-(3,5-dihydroxyphenyl)-6-hydroxy-2-(4-hydroxyphenyl)-2,3-dihydro-1-benzofuran-5-yl]-6-hydroxy-2-(4-hydroxyphenyl)-2,3-dihydro-1-benzofuran-5-yl]-2,5-bis(4-hydroxyphenyl)oxolan-3-yl]benzene-1,3-diol",1,0,C56H44O14,145954356.0
70690264,408.5,C26H32O4,CCCCC/C=C\CCCCOC1=CC=CC(=C1C(=O)/C=C/C2=CC=C(C=C2)O)O,(E)-3-(4-hydroxyphenyl)-1-[2-hydroxy-6-[(Z)-undec-5-enoxy]phenyl]prop-2-en-1-one,1,4,C26H32O5,11743107.0
70222178,154.16,C8H10O3,C1=CC(=CC=C1[C@H](CO)O)O,"(1R)-1-(4-hydroxyphenyl)ethane-1,2-diol",4,1,C8H10O4,91528.0
70089025,168.19,C9H12O3,CC(CO)(C1=CC=C(C=C1)O)O,"2-(4-hydroxyphenyl)propane-1,2-diol",1,3,C9H12O4,10805.0
69579963,316.4,C22H20O2,CCC(=C(C1=CC=CC=C1)C2=CC=C(C=C2)O)C3=CC=C(C=C3)O,4-[1-(4-hydroxyphenyl)-1-phenylbut-1-en-2-yl]phenol,1,5,C22H20O3,9974016.0
66599065,182.22,C10H14O3,CC(C(CC1=CC=C(C=C1)O)O)O,"1-(4-hydroxyphenyl)butane-2,3-diol",2,135,C10H14O4,3516.0
66573429,508.7,C33H48O4,CCCCCCCCCCCCCCCCCCOC1=CC=CC(=C1C(=O)/C=C/C2=CC=C(C=C2)O)O,(E)-1-(2-hydroxy-6-octadecoxyphenyl)-3-(4-hydroxyphenyl)prop-2-en-1-one,1,4,C33H48O5,90734649.0
66573424,368.5,C23H28O4,CCCCCCCCOC1=CC=CC(=C1C(=O)/C=C/C2=CC=C(C=C2)O)O,(E)-1-(2-hydroxy-6-octoxyphenyl)-3-(4-hydroxyphenyl)prop-2-en-1-one,1,4,C23H28O5,24879969.0
59014783,200.23,C13H12O2,CC1=CC(=C(C=C1)O)C2=CC=C(C=C2)O,2-(4-hydroxyphenyl)-4-methylphenol,2,2,C13H12O3,11977435.0
57394367,336.5,C23H28O2,C1=CC=C(C=C1)CCCCCC/C=C/C(=O)CCC2=CC=C(C=C2)O,(E)-1-(4-hydroxyphenyl)-11-phenylundec-4-en-3-one,1,0,C23H28O3,23439722.0
57392620,370.4,C25H22O3,CCC(=C(C1=CC=C(C=C1)/C=C/C(=O)O)C2=CC=C(C=C2)O)C3=CC=CC=C3,(E)-3-[4-[1-(4-hydroxyphenyl)-2-phenylbut-1-enyl]phenyl]prop-2-enoic acid,4,0,C25H22O4,71122214.0
57390454,496.6,C32H32O5,CC1(CC2=C(C(C3=C(O2)CC(CC3=O)(C)C)C4=CC=CC=C4OCC#CC5=CC=C(C=C5)O)C(=O)C1)C,"9-[2-[3-(4-hydroxyphenyl)prop-2-ynoxy]phenyl]-3,3,6,6-tetramethyl-4,5,7,9-tetrahydro-2H-xanthene-1,8-dione",1,0,C32H32O6,18345711.0
57333878,562.6,C30H42O10,CC1=CC[C@H]([C@]2([C@H]1[C@@H]([C@@H](C[C@@H]2OC(=O)/C=C/C3=CC=C(C=C3)O)C(C)C)O[C@H]4[C@@H]([C@H]([C@@H]([C@H](O4)CO)O)O)O)C)O,"[(1S,3S,4R,4aS,8R,8aR)-8-hydroxy-5,8a-dimethyl-3-propan-2-yl-4-[(2R,3R,4S,5S,6R)-3,4,5-trihydroxy-6-(hydroxymethyl)oxan-2-yl]oxy-2,3,4,4a,7,8-hexahydro-1H-naphthalen-1-yl] (E)-3-(4-hydroxyphenyl)prop-2-enoate",2,0,C30H42O11,155887700.0
57175754,200.23,C13H12O2,CC1=C(C=CC=C1O)C2=CC=C(C=C2)O,3-(4-hydroxyphenyl)-2-methylphenol,1,7,C13H12O3,11977435.0
56950215,432.5,C24H32O7,C1[C@H]([C@@H]([C@H]([C@@H](O1)O[C@H](CCCCC2=CC=C(C=C2)O)CCC3=CC=C(C=C3)O)O)O)O,"(2S,3R,4S,5R)-2-[(3R)-1,7-bis(4-hydroxyphenyl)heptan-3-yl]oxyoxane-3,4,5-triol",1,13,C24H32O8,121426330.0
56675214,809.0,C50H64O9,C[C@@]12CC[C@@H]3[C@@]([C@H]1CC[C@H]4C(=CC[C@@H]5[C@@]4(CC[C@H](C5(C)C)OC(=O)CCC(=O)OC6=C7C(=C(C=C6)O)C(=O)C(=CO7)C8=CC=C(C=C8)O)C)C2)(CC[C@@H](C3(C)C)OC)C,"4-O-[5-hydroxy-3-(4-hydroxyphenyl)-4-oxochromen-8-yl] 1-O-[(1S,6R,8R,11R,12S,15S,16R,19S,21R)-19-methoxy-1,7,7,11,16,20,20-heptamethyl-8-pentacyclo[13.8.0.03,12.06,11.016,21]tricos-3-enyl] butanedioate",1,0,C50H64O10,158084122.0
56665381,809.0,C50H64O9,C[C@@]12CC[C@@H]3[C@@]([C@H]1CC[C@H]4C(=CC[C@@H]5[C@@]4(CC[C@H](C5(C)C)OC(=O)CCC(=O)OC6=C7C(=C(C=C6)O)C(=O)C(=CO7)C8=CC=C(C=C8)O)C)C2)(CC[C@H](C3(C)C)OC)C,"4-O-[5-hydroxy-3-(4-hydroxyphenyl)-4-oxochromen-8-yl] 1-O-[(1S,6R,8R,11R,12S,15S,16R,19R,21R)-19-methoxy-1,7,7,11,16,20,20-heptamethyl-8-pentacyclo[13.8.0.03,12.06,11.016,21]tricos-3-enyl] butanedioate",1,0,C50H64O10,158084122.0
54759387,530.8,C36H50O3,CC(=C)[C@@H]1CC[C@]2([C@H]1[C@H]3CC[C@H]4[C@]([C@@]3(CC2)C)(CC[C@@H]5[C@@]4(CC=C(C5(C)C)C6=CC=C(C=C6)O)C)C)C(=O)O,"(1R,3aS,5aR,5bR,7aR,11aS,11bR,13aR,13bR)-9-(4-hydroxyphenyl)-5a,5b,8,8,11a-pentamethyl-1-prop-1-en-2-yl-1,2,3,4,5,6,7,7a,11,11b,12,13,13a,13b-tetradecahydrocyclopenta[a]chrysene-3a-carboxylic acid",2,3,C36H50O4,2256597.0
54572530,364.4,C26H20O2,C1=CC=C(C=C1)C(=C(C2=CC=CC=C2)C3=CC=C(C=C3)O)C4=CC=C(C=C4)O,"4-[2-(4-hydroxyphenyl)-1,2-diphenylethenyl]phenol",2,62,C26H20O3,58381749.0
54568873,416.5,C25H36O5,CC[C@@](C)(C1=CC=C(C=C1)O)[C@H](CCCCOCCOCCO)C2=CC=C(C=C2)O,"4-[(3R,4R)-8-[2-(2-hydroxyethoxy)ethoxy]-3-(4-hydroxyphenyl)-3-methyloctan-4-yl]phenol",1,0,C25H36O6,66563187.0
53947261,314.4,C22H18O2,C1=CC(=CC=C1C=CC2=CC=C(C=C2)O)C=CC3=CC=C(C=C3)O,4-[2-[4-[2-(4-hydroxyphenyl)ethenyl]phenyl]ethenyl]phenol,1,6,C22H18O3,49840041.0
53740929,372.5,C23H32O4,CC[C@@](C)(C1=CC=C(C=C1)O)[C@H](CCCCOCCO)C2=CC=C(C=C2)O,"4-[(3R,4R)-8-(2-hydroxyethoxy)-3-(4-hydroxyphenyl)-3-methyloctan-4-yl]phenol",1,0,C23H32O5,88978975.0
53713794,460.6,C27H40O6,CC[C@@](C)(C1=CC=C(C=C1)O)[C@H](CCCCOCCOCCOCCO)C2=CC=C(C=C2)O,"4-[(3R,4R)-8-[2-[2-(2-hydroxyethoxy)ethoxy]ethoxy]-3-(4-hydroxyphenyl)-3-methyloctan-4-yl]phenol",1,0,C27H40O7,70319506.0
53664623,298.4,C20H26O2,CCCC[C@H](C1=CC=C(C=C1)O)[C@@H](CC)C2=CC=C(C=C2)O,"4-[(3R,4S)-4-(4-hydroxyphenyl)octan-3-yl]phenol",1,0,C20H26O3,10870747.0
53411085,270.4,C18H22O2,CC1=CC(=CC(=C1O)C(C)(C)C)CC2=CC=C(C=C2)O,2-tert-butyl-4-[(4-hydroxyphenyl)methyl]-6-methylphenol,1,0,C18H22O3,133896.0
52942234,558.7,C35H42O6,CC(=CCC/C=C(\C)/CC1=C2C(=C(C=C1O)O)C(=O)C(=C(O2)C3=CC=C(C=C3)O)OC/C=C(\C)/CCC=C(C)C)C,"3-[(2E)-3,7-dimethylocta-2,6-dienoxy]-8-[(2E)-2,7-dimethylocta-2,6-dienyl]-5,7-dihydroxy-2-(4-hydroxyphenyl)chromen-4-one",1,0,C35H42O7,11006334.0
50940835,270.4,C18H22O2,C[C@]12CC[C@@H](C[C@H]1CC[C@]2(C#C)O)C3=CC=C(C=C3)O,"(1R,3aR,5S,7aS)-1-ethynyl-5-(4-hydroxyphenyl)-7a-methyl-3,3a,4,5,6,7-hexahydro-2H-inden-1-ol",1,0,C18H22O3,133896.0
49840040,314.4,C22H18O2,C1=CC(=CC(=C1)O)/C=C/C2=CC=C(C=C2)/C=C/C3=CC=C(C=C3)O,3-[(E)-2-[4-[(E)-2-(4-hydroxyphenyl)ethenyl]phenyl]ethenyl]phenol,1,0,C22H18O3,49840041.0
49840039,314.4,C22H18O2,C1=CC=C(C(=C1)/C=C/C2=CC=C(C=C2)O)/C=C/C3=CC=C(C=C3)O,4-[(E)-2-[2-[(E)-2-(4-hydroxyphenyl)ethenyl]phenyl]ethenyl]phenol,1,5,C22H18O3,49840041.0
49800178,890.9,C56H42O11,C1=CC(=CC=C1[C@@H]2[C@@H]3[C@@H]([C@H](C4=C3C5=C(C=C4O)O[C@H]([C@@H]5C6=CC(=CC(=C6)O)O)C7=CC=C(C=C7)O)C8=CC=C(C=C8)O)C9=C2C=CC1=C9[C@H]([C@@H](O1)C1=CC=C(C=C1)O)C1=CC(=CC(=C1)O)O)O,"5-[(1S,4R,5R,11S,12S,15R,16R,22S)-15-(3,5-dihydroxyphenyl)-20-hydroxy-5,11,16,22-tetrakis(4-hydroxyphenyl)-6,17-dioxahexacyclo[10.10.0.02,10.03,7.013,21.014,18]docosa-2(10),3(7),8,13(21),14(18),19-hexaen-4-yl]benzene-1,3-diol",1,0,C56H42O12,101157337.0
46939157,374.5,C25H26O3,C[C@]12CC[C@H]3[C@H]([C@@H]1CCC2=O)C=C(C4=CC(=O)C=C[C@]34C)C5=CC=C(C=C5)O,"(8R,9S,10R,13S,14S)-6-(4-hydroxyphenyl)-10,13-dimethyl-9,11,12,14,15,16-hexahydro-8H-cyclopenta[a]phenanthrene-3,17-dione",1,0,C25H26O4,12569300.0
46939058,378.5,C25H30O3,C[C@]12CC[C@H]3[C@H]([C@@H]1CCC2=O)C[C@@H](C4=CC(=O)CC[C@]34C)C5=CC=C(C=C5)O,"(6R,8R,9S,10R,13S,14S)-6-(4-hydroxyphenyl)-10,13-dimethyl-2,6,7,8,9,11,12,14,15,16-decahydro-1H-cyclopenta[a]phenanthrene-3,17-dione",1,0,C25H30O4,442414.0
46938653,778.7,C40H42O16,C1=CC(=CC=C1/C=C/C2=C3[C@H]([C@@H](OC3=CC(=C2)O[C@H]4[C@@H]([C@H]([C@@H]([C@H](O4)CO)O)O)O)C5=CC=C(C=C5)O)C6=CC(=CC(=C6)O[C@H]7[C@@H]([C@H]([C@@H]([C@H](O7)CO)O)O)O)O)O,"(2S,3R,4S,5S,6R)-2-[3-hydroxy-5-[(2R,3R)-2-(4-hydroxyphenyl)-4-[(E)-2-(4-hydroxyphenyl)ethenyl]-6-[(2S,3R,4S,5S,6R)-3,4,5-trihydroxy-6-(hydroxymethyl)oxan-2-yl]oxy-2,3-dihydro-1-benzofuran-3-yl]phenoxy]-6-(hydroxymethyl)oxane-3,4,5-triol",1,0,C40H42O17,142992842.0
46934833,558.7,C35H42O6,C/C(=C\COC1=C(OC2=CC(=CC(=C2C1=O)O)O)C3=CC=C(C=C3)O)/CC[C@H]4C(=C)CC[C@@H]5[C@@]4(CCCC5(C)C)C,"3-[(E)-5-[(1S,4aS,8aS)-5,5,8a-trimethyl-2-methylidene-3,4,4a,6,7,8-hexahydro-1H-naphthalen-1-yl]-3-methylpent-2-enoxy]-5,7-dihydroxy-2-(4-hydroxyphenyl)chromen-4-one",1,0,C35H42O7,11006334.0
46934690,558.7,C35H42O6,C/C(=C\COC1=CC(=C2C(=C1)OC(=C(C2=O)O)C3=CC=C(C=C3)O)O)/CC[C@H]4C(=C)CC[C@@H]5[C@@]4(CCCC5(C)C)C,"7-[(E)-5-[(1S,4aS,8aS)-5,5,8a-trimethyl-2-methylidene-3,4,4a,6,7,8-hexahydro-1H-naphthalen-1-yl]-3-methylpent-2-enoxy]-3,5-dihydroxy-2-(4-hydroxyphenyl)chromen-4-one",1,0,C35H42O7,11006334.0
46934538,558.7,C35H42O6,CC(=CCC/C(=C/COC1=CC(=C2C(=C1)OC(=C(C2=O)OC/C=C(\C)/CCC=C(C)C)C3=CC=C(C=C3)O)O)/C)C,"3,7-bis[(2E)-3,7-dimethylocta-2,6-dienoxy]-5-hydroxy-2-(4-hydroxyphenyl)chromen-4-one",1,0,C35H42O7,11006334.0
46890016,924.9,C56H44O13,C1=CC(=CC=C1[C@H]2[C@@H]([C@H]([C@H](O2)C3=CC=C(C=C3)O)C4=CC5=C(C=C4O)O[C@@H]([C@H]5C6=CC(=CC(=C6)O)O)C7=CC=C(C=C7)O)C8=CC9=C(C=C8O)O[C@@H]([C@H]9C1=CC(=CC(=C1)O)O)C1=CC=C(C=C1)O)O,"5-[(2S,3S)-5-[(2R,3S,4S,5S)-4-[(2S,3S)-3-(3,5-dihydroxyphenyl)-6-hydroxy-2-(4-hydroxyphenyl)-2,3-dihydro-1-benzofuran-5-yl]-2,5-bis(4-hydroxyphenyl)oxolan-3-yl]-6-hydroxy-2-(4-hydroxyphenyl)-2,3-dihydro-1-benzofuran-3-yl]benzene-1,3-diol",1,8,C56H44O14,145954356.0
46890012,888.9,C57H44O10,C1[C@@H]([C@H](C2=C3C4[C@@H](C5=C(C4[C@@H](C3=C(C=C21)O)C6=CC=C(C=C6)O)C7=C(C=C5O)O[C@@H]([C@H]7C8=CC(=CC(=C8)O)O)C9=CC=C(C=C9)O)C1=CC=CC=C1)C1=CC(=CC(=C1)O)O)C1=CC=C(C=C1)O,"(4S,5S,11R,15S,16S,22R)-4,15-bis(3,5-dihydroxyphenyl)-5,16,22-tris(4-hydroxyphenyl)-11-phenyl-6-oxahexacyclo[10.10.0.02,10.03,7.013,21.014,18]docosa-2(10),3(7),8,13,18,20-hexaene-9,20-diol",1,0,C57H44O11,86292379.0
46889079,472.5,C22H32O11,C[C@H](CCC1=CC=C(C=C1)O)O[C@@H]2[C@@H]([C@H]([C@@H]([C@H](O2)COC(=O)C[C@](C)(CC(=O)O)O)O)O)O,"(3S)-3-hydroxy-3-methyl-5-oxo-5-[[(2R,3S,4S,5R,6S)-3,4,5-trihydroxy-6-[(2R)-4-(4-hydroxyphenyl)butan-2-yl]oxyoxan-2-yl]methoxy]pentanoic acid",2,1,C22H32O12,69531970.0
46885714,370.4,C25H22O3,CC/C(=C(\C1=CC=C(C=C1)/C=C/C(=O)O)/C2=CC=C(C=C2)O)/C3=CC=CC=C3,(E)-3-[4-[(Z)-1-(4-hydroxyphenyl)-2-phenylbut-1-enyl]phenyl]prop-2-enoic acid,1,6,C25H22O4,71122214.0
46838282,348.5,C24H28O2,CC(=CCCC(/C=C/C1=CC=C(C=C1)O)(/C=C/C2=CC=C(C=C2)O)C)C,"4-[(1E)-3-[(E)-2-(4-hydroxyphenyl)ethenyl]-3,7-dimethylocta-1,6-dienyl]phenol",2,0,C24H28O3,67668771.0
46838147,270.4,C18H22O2,C/C(=C/CC[C@@](C)(C=C)/C=C/C1=CC=C(C=C1)O)/C=O,"(2Z,6S,7E)-6-ethenyl-8-(4-hydroxyphenyl)-2,6-dimethylocta-2,7-dienal",2,0,C18H22O3,133896.0
46227315,436.5,C29H24O4,CC(=O)OC1=CC=C(C=C1)[C@H]2[C@@H]([C@H](C3=CC=CC=C3O2)C4=CC=C(C=C4)O)C5=CC=CC=C5,"[4-[(2R,3S,4S)-4-(4-hydroxyphenyl)-3-phenyl-3,4-dihydro-2H-chromen-2-yl]phenyl] acetate",1,0,C29H24O5,156545110.0
46206460,430.6,C29H34O3,C1CC2CCCC(C1)C2=C(C3=CC=C(C=C3)/C=C/CCCCC(=O)O)C4=CC=C(C=C4)O,(E)-7-[4-[9-bicyclo[3.3.1]nonanylidene-(4-hydroxyphenyl)methyl]phenyl]hept-6-enoic acid,1,0,C29H34O4,6440739.0
46206459,416.6,C28H32O3,C1CC2CCCC(C1)C2=C(C3=CC=C(C=C3)/C=C/CCCC(=O)O)C4=CC=C(C=C4)O,(E)-6-[4-[9-bicyclo[3.3.1]nonanylidene-(4-hydroxyphenyl)methyl]phenyl]hex-5-enoic acid,1,0,C28H32O4,66806504.0
46206127,388.5,C26H28O3,C1CC2CCCC(C1)C2=C(C3=CC=C(C=C3)/C=C/CC(=O)O)C4=CC=C(C=C4)O,(E)-4-[4-[9-bicyclo[3.3.1]nonanylidene-(4-hydroxyphenyl)methyl]phenyl]but-3-enoic acid,1,0,C26H28O4,161922.0
46205148,316.4,C22H20O2,CC/C(=C(\C1=CC=CC=C1)/C2=CC=C(C=C2)O)/C3=CC=C(C=C3)O,4-[(Z)-1-(4-hydroxyphenyl)-1-phenylbut-1-en-2-yl]phenol,1,1,C22H20O3,9974016.0
46205147,316.4,C22H20O2,CC/C(=C(/C1=CC=CC=C1)\C2=CC=C(C=C2)O)/C3=CC=C(C=C3)O,4-[(E)-1-(4-hydroxyphenyl)-1-phenylbut-1-en-2-yl]phenol,1,3,C22H20O3,9974016.0
45360241,512.5,C24H32O12,CC1C2C(C(C1O)O)C(=COC2O[C@H]3[C@@H]([C@H]([C@@H]([C@H](O3)CO)O)O)O)C(=O)OCCC4=CC=C(C=C4)O,"2-(4-hydroxyphenyl)ethyl 5,6-dihydroxy-7-methyl-1-[(2S,3R,4S,5S,6R)-3,4,5-trihydroxy-6-(hydroxymethyl)oxan-2-yl]oxy-1,4a,5,6,7,7a-hexahydrocyclopenta[c]pyran-4-carboxylate",4,0,C24H32O13,170852143.0
45356230,320.4,C22H24O2,C1C[C@H]2[C@@H](C1)[C@H]3C[C@@H]2CC3(C4=CC=C(C=C4)O)C5=CC=C(C=C5)O,"4-[(1R,2R,6R,7R)-8-(4-hydroxyphenyl)-8-tricyclo[5.2.1.02,6]decanyl]phenol",3,7,C22H24O3,11045971.0
45266796,576.9,C37H68O4,CC[C@@H]([C@H](C)CCCC[C@H](C[C@H](CCCCCCCCCCCCCCCCCCC1=CC=C(C=C1)O)O)O)OC,"(3S,4R,9R,11S)-29-(4-hydroxyphenyl)-3-methoxy-4-methylnonacosane-9,11-diol",1,0,C37H68O5,154435319.0
45083090,154.16,C8H10O3,C1=CC(=CC=C1[C@@H](CO)O)O,"(1S)-1-(4-hydroxyphenyl)ethane-1,2-diol",3,1,C8H10O4,91528.0
44594138,314.4,C22H18O2,C1=CC(=CC(=C1)/C=C/C2=CC=C(C=C2)O)/C=C/C3=CC=C(C=C3)O,4-[(E)-2-[3-[(E)-2-(4-hydroxyphenyl)ethenyl]phenyl]ethenyl]phenol,2,0,C22H18O3,49840041.0
44592795,370.4,C24H18O4,COC1=CC=C(C=C1)C2=C(C(=O)OC(=C2)C3=CC=CC=C3)C4=CC=C(C=C4)O,3-(4-hydroxyphenyl)-4-(4-methoxyphenyl)-6-phenylpyran-2-one,1,0,C24H18O5,141029016.0
44587307,420.6,C26H44O4,CCCCCCCCCCCCC[C@H](C[C@H](CC(=O)CCC1=CC=C(C=C1)O)O)O,"(5R,7R)-5,7-dihydroxy-1-(4-hydroxyphenyl)icosan-3-one",1,0,C26H44O5,130242128.0
44587306,420.6,C26H44O4,CCCCCCCCCCCCC[C@@]1(C[C@@H](C[C@@H](O1)CCC2=CC=C(C=C2)O)O)O,"(2R,4R,6S)-6-[2-(4-hydroxyphenyl)ethyl]-2-tridecyloxane-2,4-diol",1,0,C26H44O5,130242128.0
44576027,328.4,C21H28O3,C1=CC(=C(C(=C1)O)CCCCCCCCCC2=CC=C(C=C2)O)O,"2-[9-(4-hydroxyphenyl)nonyl]benzene-1,3-diol",2,0,C21H28O4,19352786.0
44575465,488.5,C29H28O7,CC(=C)C1CC2=C(C=CC(=C2OC/C=C(\C)/CO)O)C3=C1C(=O)C(=C(C3=O)OC)C4=CC=C(C=C4)O,"7-hydroxy-8-[(E)-4-hydroxy-3-methylbut-2-enoxy]-2-(4-hydroxyphenyl)-3-methoxy-10-prop-1-en-2-yl-9,10-dihydrophenanthrene-1,4-dione",1,0,C29H28O8,20447717.0
44427222,924.9,C56H44O13,C1=CC(=CC=C1[C@@H]2[C@H]([C@H]([C@@H](O2)C3=CC=C(C=C3)O)C4=C5[C@@H]([C@H](OC5=CC(=C4)O)C6=CC=C(C=C6)O)C7=CC8=C(C(=C7)O)O[C@H]([C@@H]8C9=CC(=CC(=C9)O)O)C1=CC=C(C=C1)O)C1=CC(=CC(=C1)O)O)O,"5-[(2S,3R,4S,5R)-4-[(2S,3S)-3-[(2R,3R)-3-(3,5-dihydroxyphenyl)-7-hydroxy-2-(4-hydroxyphenyl)-2,3-dihydro-1-benzofuran-5-yl]-6-hydroxy-2-(4-hydroxyphenyl)-2,3-dihydro-1-benzofuran-4-yl]-2,5-bis(4-hydroxyphenyl)oxolan-3-yl]benzene-1,3-diol",3,0,C56H44O14,145954356.0
44400677,332.4,C23H24O2,C1C2CC\3CC1CC(C2)(/C3=C/C4=CC=C(C=C4)O)C5=CC=C(C=C5)O,4-[(E)-[1-(4-hydroxyphenyl)-2-adamantylidene]methyl]phenol,1,0,C23H24O3,14027582.0
44400631,346.5,C24H26O2,C1C2CC\3CC1CC(C2)(/C3=C/CC4=CC=C(C=C4)O)C5=CC=C(C=C5)O,4-[(2E)-2-[1-(4-hydroxyphenyl)-2-adamantylidene]ethyl]phenol,2,0,C24H26O3,143192266.0
44392564,454.5,C29H26O5,COC1=C2C(=C(C(=C1CC3=CC=C(C=C3)O)O)CC4=CC=C(C=C4)O)CCC5=C2C=CC(=C5)O,"1,3-bis[(4-hydroxyphenyl)methyl]-4-methoxy-9,10-dihydrophenanthrene-2,7-diol",5,2,C29H26O6,140288934.0
44359570,328.4,C21H28O3,CC[C@@H](C1=CC=C(C=C1)O)[C@H](CC)C2=CC(=C(C=C2)O)CCCO,"4-[(3S,4R)-4-(4-hydroxyphenyl)hexan-3-yl]-2-(3-hydroxypropyl)phenol",1,0,C21H28O4,19352786.0
44356536,262.3,C18H14O2,C#CC(C1=CC=C(C=C1)O)C(C#C)C2=CC=C(C=C2)O,"4-[4-(4-hydroxyphenyl)hexa-1,5-diyn-3-yl]phenol",1,0,C18H14O3,22508143.0
44290730,298.4,C20H26O2,CCC[C@H](C1=CC=C(C=C1)O)[C@@H](CCC)C2=CC=C(C=C2)O,"4-[(4S,5R)-5-(4-hydroxyphenyl)octan-4-yl]phenol",1,0,C20H26O3,10870747.0
44288114,332.4,C23H24O2,C1CC2C(C1)C3CC2CC3=C(C4=CC=C(C=C4)O)C5=CC=C(C=C5)O,"4-[(4-hydroxyphenyl)-(8-tricyclo[5.2.1.02,6]decanylidene)methyl]phenol",1,0,C23H24O3,14027582.0
44288109,416.6,C29H36O2,C[C@]12CC(=C(C3=CC=C(C=C3)O)C4=CC=C(C=C4)O)CC([C@]15CC[C@@H](C5)C2(C)C)(C)C,"4-[(4-hydroxyphenyl)-[(3R,6S,9R)-2,2,8,8,9-pentamethyl-octahydro-1H-2,4a-methanonapthalen--ylidene]methyl]phenol",1,0,C29H36O3,70492992.0
44287834,334.4,C23H26O2,CC1(C2CCC1(C(=C(C3=CC=C(C=C3)O)C4=CC=C(C=C4)O)C2)C)C,"4-[(4-hydroxyphenyl)-(1,7,7-trimethyl-2-bicyclo[2.2.1]heptanylidene)methyl]phenol",1,0,C23H26O3,158595807.0
44287828,320.4,C22H24O2,C1CC2CCCC(C1)C2=C(C3=CC=C(C=C3)O)C4=CC(=CC=C4)O,3-[9-bicyclo[3.3.1]nonanylidene-(4-hydroxyphenyl)methyl]phenol,1,0,C22H24O3,11045971.0
44287734,334.4,C23H26O2,CC1(C2CCC(C2)(C1=C(C3=CC=C(C=C3)O)C4=CC=C(C=C4)O)C)C,"4-[(4-hydroxyphenyl)-(1,3,3-trimethyl-2-bicyclo[2.2.1]heptanylidene)methyl]phenol",1,0,C23H26O3,158595807.0
44225915,298.4,C20H26O2,CCCC(CCC)(CC1=CC=C(C=C1)O)C2=CC=C(C=C2)O,4-[2-(4-hydroxyphenyl)-2-propylpentyl]phenol,1,0,C20H26O3,10870747.0
44225697,270.4,C18H22O2,CCCCC(CC1=CC=C(C=C1)O)C2=CC=C(C=C2)O,4-[2-(4-hydroxyphenyl)hexyl]phenol,1,1,C18H22O3,133896.0
44225454,270.4,C18H22O2,CCCC(C)(CC1=CC=C(C=C1)O)C2=CC=C(C=C2)O,4-[2-(4-hydroxyphenyl)-2-methylpentyl]phenol,1,0,C18H22O3,133896.0
44187914,370.4,C24H18O4,COC1=CC=C(C=C1)C2=CC(=C(C(=O)O2)C3=CC=C(C=C3)O)C4=CC=CC=C4,3-(4-hydroxyphenyl)-6-(4-methoxyphenyl)-4-phenylpyran-2-one,2,0,C24H18O5,141029016.0
44149631,452.5,C27H32O6,CC1CO1.CC1C=CCC2C1C(=O)OC2=O.CC(C)(C1=CC=C(C=C1)O)C2=CC=C(C=C2)O,"4-[2-(4-hydroxyphenyl)propan-2-yl]phenol;4-methyl-3a,4,7,7a-tetrahydro-2-benzofuran-1,3-dione;2-methyloxirane",1,0,C27H32O7,23528176.0
44148581,638.7,C39H42O8,CC1=CC(=C(C=C1)O)CC2=CC(=CC(=C2O)CC3=C(C=CC(=C3)C)O)C.CC(C)(C1=CC=C(C=C1)O)C2=CC=C(C=C2)O.C(=O)(O)O,"2,6-bis[(2-hydroxy-5-methylphenyl)methyl]-4-methylphenol;carbonic acid;4-[2-(4-hydroxyphenyl)propan-2-yl]phenol",1,0,C39H42O9,15863664.0
42642779,370.4,C25H22O3,CC1(CC2=C(C(C3=C(O2)C=CC4=CC=CC=C43)C5=CC=C(C=C5)O)C(=O)C1)C,"12-(4-hydroxyphenyl)-9,9-dimethyl-10,12-dihydro-8H-benzo[a]xanthen-11-one",3,0,C25H22O4,71122214.0
42607723,396.5,C24H28O5,CC(=CC/C(=C/COC1=CC(=C(C=C1)C(=O)C(CC2=CC=C(C=C2)O)O)O)/C)C,"1-[4-[(2E)-3,6-dimethylhepta-2,5-dienoxy]-2-hydroxyphenyl]-2-hydroxy-3-(4-hydroxyphenyl)propan-1-one",2,0,C24H28O6,141783180.0
25206179,364.4,C26H20O2,C1=CC=C(C=C1)/C(=C(/C2=CC=CC=C2)\C3=CC=C(C=C3)O)/C4=CC=C(C=C4)O,"4-[(E)-2-(4-hydroxyphenyl)-1,2-diphenylethenyl]phenol",1,26,C26H20O3,58381749.0
25148436,298.4,C20H26O2,CC1=CCCC(C1CCC(=O)/C=C/C2=CC=C(C=C2)O)(C)C,"(E)-1-(4-hydroxyphenyl)-5-(2,6,6-trimethylcyclohex-2-en-1-yl)pent-1-en-3-one",1,0,C20H26O3,10870747.0
25093397,262.3,C18H14O2,C1=CC(=CC(=C1)O)C2=CC=C(C=C2)C3=CC=C(C=C3)O,3-[4-(4-hydroxyphenyl)phenyl]phenol,2,3,C18H14O3,22508143.0
25093396,262.3,C18H14O2,C1=CC(=CC(=C1)C2=CC(=CC=C2)O)C3=CC=C(C=C3)O,3-[3-(4-hydroxyphenyl)phenyl]phenol,1,3,C18H14O3,22508143.0
24951203,558.7,C35H42O6,C/C(=C\CC1=C2C(=C(C=C1O)O)C(=O)C(=C(O2)C3=CC=C(C=C3)O)O)/CC[C@H]4C(=C)CC[C@@H]5[C@@]4(CCCC5(C)C)C,"8-[(E)-5-[(1S,4aS,8aS)-5,5,8a-trimethyl-2-methylidene-3,4,4a,6,7,8-hexahydro-1H-naphthalen-1-yl]-3-methylpent-2-enyl]-3,5,7-trihydroxy-2-(4-hydroxyphenyl)chromen-4-one",1,0,C35H42O7,11006334.0
24882419,272.4,C18H24O2,CC(C)C(=O)CC[C@@](C)(C=C)/C=C/C1=CC=C(C=C1)O,"(E,6S)-6-ethenyl-8-(4-hydroxyphenyl)-2,6-dimethyloct-7-en-3-one",1,0,C18H24O3,19593730.0
24858758,470.7,C31H50O3,CCCCCCCC/C=C\CCCCCCCCCCCC(=O)OC/C=C\C1=CC=C(C=C1)O,[(Z)-3-(4-hydroxyphenyl)prop-2-enyl] (Z)-docos-13-enoate,3,0,C31H50O4,145510244.0
24858757,470.7,C31H50O3,CCCCCCCC/C=C\CCCCCCCCCCCC(=O)OC/C=C/C1=CC=C(C=C1)O,[(E)-3-(4-hydroxyphenyl)prop-2-enyl] (Z)-docos-13-enoate,3,0,C31H50O4,145510244.0
24031765,182.22,C10H14O3,C1=CC(=CC=C1[C@H](CCCO)O)O,"(1S)-1-(4-hydroxyphenyl)butane-1,4-diol",1,0,C10H14O4,3516.0
23509070,242.31,C16H18O2,CC(C)(CC1=CC=C(C=C1)O)C2=CC=C(C=C2)O,4-[2-(4-hydroxyphenyl)-2-methylpropyl]phenol,1,107,C16H18O3,285881.0
23506455,350.4,C25H18O2,C1C2=CC=CC=C2C3=C1C(=C(C=C3)C4=CC=C(C=C4)O)C5=CC=C(C=C5)O,4-[1-(4-hydroxyphenyl)-9H-fluoren-2-yl]phenol,3,480,C25H18O3,155358522.0
22996911,270.4,C18H22O2,CCCC(CC)(C1=CC=C(C=C1)O)C2=CC=C(C=C2)O,4-[3-(4-hydroxyphenyl)hexan-3-yl]phenol,4,220,C18H22O3,133896.0
22925916,228.29,C15H16O2,CC1=CC(=C(C(=C1)CC2=CC=C(C=C2)O)O)C,"2-[(4-hydroxyphenyl)methyl]-4,6-dimethylphenol",1,4,C15H16O3,102722.0
22619079,452.7,C31H48O2,CCCCCCCCCCCCCCCCCC(C)(C1=CC=C(C=C1)O)C2=CC=C(C=C2)O,4-[2-(4-hydroxyphenyl)nonadecan-2-yl]phenol,1,42,C31H48O3,71476870.0
21673119,558.7,C35H42O6,C/C(=C\CC1=C(C2=C(C=C1O)OC(=C(C2=O)O)C3=CC=C(C=C3)O)O)/CC[C@H]4C(=C)CC[C@@H]5[C@@]4(CCCC5(C)C)C,"6-[(E)-5-[(1S,4aS,8aS)-5,5,8a-trimethyl-2-methylidene-3,4,4a,6,7,8-hexahydro-1H-naphthalen-1-yl]-3-methylpent-2-enyl]-3,5,7-trihydroxy-2-(4-hydroxyphenyl)chromen-4-one",4,0,C35H42O7,11006334.0
21579201,566.5,C27H34O13,COC1=CC=C(C=C1)C(=O)OC[C@]2(CO[C@H]([C@@H]2O)OC[C@@H]3[C@H]([C@@H]([C@H]([C@@H](O3)OCCC4=CC=C(C=C4)O)O)O)O)O,"[(3S,4R,5R)-3,4-dihydroxy-5-[[(2R,3S,4S,5R,6R)-3,4,5-trihydroxy-6-[2-(4-hydroxyphenyl)ethoxy]oxan-2-yl]methoxy]oxolan-3-yl]methyl 4-methoxybenzoate",3,0,C27H34O14,70575929.0
21433016,312.4,C21H28O2,CCCCC(CCCC)(C1=CC=C(C=C1)O)C2=CC=C(C=C2)O,4-[5-(4-hydroxyphenyl)nonan-5-yl]phenol,3,18,C21H28O3,5239155.0
21218060,298.4,C20H26O2,CCCCC(CCC)(C1=CC=C(C=C1)O)C2=CC=C(C=C2)O,4-[4-(4-hydroxyphenyl)octan-4-yl]phenol,1,7,C20H26O3,10870747.0
20433157,368.6,C25H36O2,CCCCCCC(CCCCCC)(C1=CC=C(C=C1)O)C2=CC=C(C=C2)O,4-[7-(4-hydroxyphenyl)tridecan-7-yl]phenol,1,2,C25H36O3,57572555.0
20271575,354.5,C24H34O2,CCCCCCCCCCCC(C1=CC=C(C=C1)O)C2=CC=C(C=C2)O,4-[1-(4-hydroxyphenyl)dodecyl]phenol,1,1450,C24H34O3,88595156.0
20228371,298.4,C20H26O2,CCCC(CCC)C(C1=CC=C(C=C1)O)C2=CC=C(C=C2)O,4-[1-(4-hydroxyphenyl)-2-propylpentyl]phenol,1,6,C20H26O3,10870747.0
20068010,364.4,C26H20O2,C1C2=CC=CC=C2C(C3=CC=CC=C31)(C4=CC=C(C=C4)O)C5=CC=C(C=C5)O,4-[9-(4-hydroxyphenyl)-10H-anthracen-9-yl]phenol,1,160,C26H20O3,58381749.0
19869996,234.25,C16H10O2,C1=CC(=CC=C1C#CC#CC2=CC=C(C=C2)O)O,"4-[4-(4-hydroxyphenyl)buta-1,3-diynyl]phenol",1,9,C16H10O3,88440113.0
18522658,200.23,C13H12O2,C1=CC(=CC(=C1)O)CC2=CC=C(C=C2)O,3-[(4-hydroxyphenyl)methyl]phenol,1,177,C13H12O3,11977435.0
18377765,242.31,C16H18O2,CCC(CC1=CC=C(C=C1)O)C2=CC=C(C=C2)O,4-[2-(4-hydroxyphenyl)butyl]phenol,3,21,C16H18O3,285881.0
17760156,168.19,C9H12O3,C1=CC(=CC=C1CC(CO)O)O,"3-(4-hydroxyphenyl)propane-1,2-diol",3,6,C9H12O4,10805.0
16735891,454.5,C29H26O5,COC1=C(C(=C(C(=C1)O)CC2=CC=C(C=C2)O)/C=C/C3=CC=CC=C3O)CC4=CC=C(C=C4)O,"3-[(E)-2-(2-hydroxyphenyl)ethenyl]-2,4-bis[(4-hydroxyphenyl)methyl]-5-methoxyphenol",2,0,C29H26O6,140288934.0
16730420,412.6,C26H36O4,C1=CC(=CC=C1/C=C/C2=CC(=C(C(=C2)O)CCCCCCCCCCCCO)O)O,"2-(12-hydroxydodecyl)-5-[(E)-2-(4-hydroxyphenyl)ethenyl]benzene-1,3-diol",1,1,C26H36O5,11418953.0
16120087,418.6,C25H38O5,C1=CC(=CC=C1/C=C/C(=O)OCCCCCCCCCCCCCCCC(=O)O)O,16-[(E)-3-(4-hydroxyphenyl)prop-2-enoyl]oxyhexadecanoic acid,3,0,C25H38O6,87257553.0
16091565,694.7,C37H42O13,C[C@]1(CC[C@@H]2[C@@H]([C@@H]3[C@H]1C[C@@H](C3=C)O[C@H]4[C@@H]([C@H]([C@@H]([C@H](O4)COC(=O)CC5=CC=C(C=C5)O)O)O)OC(=O)CC6=CC=C(C=C6)O)OC(=O)C2=C)O,"[(2R,3S,4S,5R,6R)-6-[[(3aS,6R,6aR,8S,9aR,9bS)-6-hydroxy-6-methyl-3,9-dimethylidene-2-oxo-3a,4,5,6a,7,8,9a,9b-octahydroazuleno[4,5-b]furan-8-yl]oxy]-3,4-dihydroxy-5-[2-(4-hydroxyphenyl)acetyl]oxyoxan-2-yl]methyl 2-(4-hydroxyphenyl)acetate",2,0,C37H42O14,6451703.0
14630663,454.5,C29H26O5,COC1=C2C(=C(C(=C1)O)CC3=CC=C(C=C3)O)CCC4=CC(=C(C=C42)CC5=CC=C(C=C5)O)O,"1,6-bis[(4-hydroxyphenyl)methyl]-4-methoxy-9,10-dihydrophenanthrene-2,7-diol",3,8,C29H26O6,140288934.0
14547202,314.4,C22H18O2,C/C(=C(\C1=CC=CC=C1)/C(=O)C2=CC=C(C=C2)O)/C3=CC=CC=C3,"(Z)-1-(4-hydroxyphenyl)-2,3-diphenylbut-2-en-1-one",1,0,C22H18O3,49840041.0
14547201,314.4,C22H18O2,C/C(=C(/C1=CC=CC=C1)\C(=O)C2=CC=C(C=C2)O)/C3=CC=CC=C3,"(E)-1-(4-hydroxyphenyl)-2,3-diphenylbut-2-en-1-one",1,0,C22H18O3,49840041.0
14496285,370.4,C24H18O4,C1=CC(=CC=C1C2=CC(=C(C=C2)O)C3=C(C=CC(=C3)C4=CC=C(C=C4)O)O)O,2-[2-hydroxy-5-(4-hydroxyphenyl)phenyl]-4-(4-hydroxyphenyl)phenol,1,0,C24H18O5,141029016.0
14496018,262.3,C18H14O2,C1=CC(=CC=C1C2=CC=C(C=C2)O)C3=CC=C(C=C3)O,4-[4-(4-hydroxyphenyl)phenyl]phenol,1,539,C18H14O3,22508143.0
14389009,242.31,C16H18O2,CC1=C(C=CC(=C1)C(C)(C)C2=CC=C(C=C2)O)O,4-[2-(4-hydroxyphenyl)propan-2-yl]-2-methylphenol,1,533,C16H18O3,285881.0
14264024,324.5,C22H28O2,CC(C)[C@H]1CC[C@](C[C@@H]1C2=CC=C(C=C2)O)(C)C3=CC=C(C=C3)O,"4-[(1S,2R,5S)-5-(4-hydroxyphenyl)-5-methyl-2-propan-2-ylcyclohexyl]phenol",2,0,C22H28O3,23439831.0
14241022,396.5,C24H28O5,C[C@]12[C@@H](CCC([C@@H]1CC=C([C@@H]2C=O)C=O)(C)C)OC(=O)/C=C/C3=CC=C(C=C3)O,"[(1R,4aS,8R,8aS)-7,8-diformyl-4,4,8a-trimethyl-1,2,3,4a,5,8-hexahydronaphthalen-1-yl] (E)-3-(4-hydroxyphenyl)prop-2-enoate",3,0,C24H28O6,141783180.0
14220038,326.5,C22H30O2,C1=CC(=CC=C1CCCCCCCCCCC2=CC=C(C=C2)O)O,4-[10-(4-hydroxyphenyl)decyl]phenol,1,638,C22H30O3,13746791.0
14204136,366.4,C26H22O2,CC(C1=CC=C(C=C1)C2=CC=CC=C2)(C3=CC=C(C=C3)O)C4=CC=C(C=C4)O,4-[1-(4-hydroxyphenyl)-1-(4-phenylphenyl)ethyl]phenol,1,18,C26H22O3,58381747.0
14146269,314.4,C22H18O2,CC1=CC=CC=C1C2=C(C3=C(C2)C=C(C=C3)O)C4=CC=C(C=C4)O,1-(4-hydroxyphenyl)-2-(2-methylphenyl)-3H-inden-5-ol,2,0,C22H18O3,49840041.0
13930819,324.5,C22H28O2,CCCCCCCCCC(=O)C1=CC=C(C=C1)C2=CC=C(C=C2)O,1-[4-(4-hydroxyphenyl)phenyl]decan-1-one,1,2,C22H28O3,23439831.0
13782487,298.4,C20H26O2,CCCCC(CC)C(C1=CC=C(C=C1)O)C2=CC=C(C=C2)O,4-[2-ethyl-1-(4-hydroxyphenyl)hexyl]phenol,1,1982,C20H26O3,10870747.0
13735120,418.6,C28H34O3,CCC(C1=CC=C(C=C1)O)C(CC)C2=CC(=C(C=C2)O)CCCOCC3=CC=CC=C3,4-[4-(4-hydroxyphenyl)hexan-3-yl]-2-(3-phenylmethoxypropyl)phenol,1,0,C28H34O4,139548852.0
13663130,298.4,C20H26O2,CC(C)[C@H](C1=CC=C(C=C1)O)[C@H](C2=CC=C(C=C2)O)C(C)C,"4-[(3S,4R)-4-(4-hydroxyphenyl)-2,5-dimethylhexan-3-yl]phenol",1,0,C20H26O3,10870747.0
13663126,326.5,C22H30O2,CC(C)C[C@H](C1=CC=C(C=C1)O)[C@@H](CC(C)C)C2=CC=C(C=C2)O,"4-[(4S,5R)-5-(4-hydroxyphenyl)-2,7-dimethyloctan-4-yl]phenol",1,0,C22H30O3,13746791.0
13663124,326.5,C22H30O2,CCC(C)[C@H](C1=CC=C(C=C1)O)[C@H](C2=CC=C(C=C2)O)C(C)CC,"4-[(4S,5R)-5-(4-hydroxyphenyl)-3,6-dimethyloctan-4-yl]phenol",1,0,C22H30O3,13746791.0
13663122,326.5,C22H30O2,CC(C)(C)[C@H](C1=CC=C(C=C1)O)[C@H](C2=CC=C(C=C2)O)C(C)(C)C,"4-[(3R,4S)-4-(4-hydroxyphenyl)-2,2,5,5-tetramethylhexan-3-yl]phenol",1,0,C22H30O3,13746791.0
13583299,242.31,C16H18O2,CC(C1=CC=C(C=C1)O)C(C)C2=CC=C(C=C2)O,4-[3-(4-hydroxyphenyl)butan-2-yl]phenol,3,288,C16H18O3,285881.0
13530917,228.29,C15H16O2,CCC(C1=CC=C(C=C1)O)C2=CC=CC=C2O,2-[1-(4-hydroxyphenyl)propyl]phenol,1,103,C15H16O3,102722.0
13433903,298.4,C20H26O2,C1=CC(=CC=C1CCCCCCCCC2=CC=C(C=C2)O)O,4-[8-(4-hydroxyphenyl)octyl]phenol,2,32,C20H26O3,10870747.0
12735694,239.24,C15H11O3+,C1=CC(=CC2=C1C=CC(=[O+]2)C3=CC=C(C=C3)O)O,2-(4-hydroxyphenyl)chromenylium-7-ol,8,20,C15H11O4+,10424341.0
12711775,328.4,C21H28O3,CCC(C1=CC=C(C=C1)O)C(CC)C2=CC(=C(C=C2)O)CCCO,4-[4-(4-hydroxyphenyl)hexan-3-yl]-2-(3-hydroxypropyl)phenol,1,0,C21H28O4,19352786.0
12610677,326.5,C22H30O2,CCC(CC)(C1=CC=C(C=C1)O)C(CC)(CC)C2=CC=C(C=C2)O,"4-[3,4-diethyl-4-(4-hydroxyphenyl)hexan-3-yl]phenol",1,0,C22H30O3,13746791.0
12610676,298.4,C20H26O2,CCC(C)(C1=CC=C(C=C1)O)C(C)(CC)C2=CC=C(C=C2)O,"4-[4-(4-hydroxyphenyl)-3,4-dimethylhexan-3-yl]phenol",1,2,C20H26O3,10870747.0
12187055,276.3,C19H16O2,CC1=CC(=CC(=C1)C2=CC=C(C=C2)O)C3=CC=C(C=C3)O,4-[3-(4-hydroxyphenyl)-5-methylphenyl]phenol,1,4,C19H16O3,167947.0
12096797,558.9,C36H62O4,C1=CC(=CC=C1/C=C\C(=O)OCCCCCCCCCCCCCCCCCCCCCCCCCCCO)O,27-hydroxyheptacosyl (Z)-3-(4-hydroxyphenyl)prop-2-enoate,2,0,C36H62O5,88693769.0
11964340,420.6,C26H44O4,CCCCCCCCCCCCC[C@H](C[C@@H](CC(=O)CCC1=CC=C(C=C1)O)O)O,"(5S,7R)-5,7-dihydroxy-1-(4-hydroxyphenyl)icosan-3-one",1,0,C26H44O5,130242128.0
11782482,330.4,C23H22O2,CCCC(=C(C1=CC=C(C=C1)O)C2=CC=C(C=C2)O)C3=CC=CC=C3,4-[1-(4-hydroxyphenyl)-2-phenylpent-1-enyl]phenol,2,6,C23H22O3,121556.0
11771413,314.4,C22H18O2,C1=CC(=CC=C1/C=C/C2=CC=C(C=C2)O)/C=C/C3=CC=C(C=C3)O,4-[(E)-2-[4-[(E)-2-(4-hydroxyphenyl)ethenyl]phenyl]ethenyl]phenol,3,12,C22H18O3,49840041.0
11762178,452.5,C27H32O6,C1=CC(=CC=C1C2=COC3=C(C2=O)C=CC(=C3)OCCCCCCCCCCCC(=O)O)O,12-[3-(4-hydroxyphenyl)-4-oxochromen-7-yl]oxydodecanoic acid,2,0,C27H32O7,23528176.0
11716633,314.4,C22H18O2,CC1=CC=C(C=C1)C2=C(CC3=C2C=CC(=C3)O)C4=CC=C(C=C4)O,2-(4-hydroxyphenyl)-1-(4-methylphenyl)-3H-inden-5-ol,1,1,C22H18O3,49840041.0
11714562,694.7,C37H42O13,C[C@@]12CC[C@@H]3[C@@H]([C@H]1C(=CC[C@H]2O[C@H]4[C@@H]([C@H]([C@@H]([C@H](O4)COC(=O)CC5=CC=C(C=C5)O)O)O)O)COC(=O)CC6=CC=C(C=C6)O)OC(=O)C3=C,"[(2R,3S,4S,5R,6R)-6-[[(3aS,5aR,6R,9aS,9bS)-9-[[2-(4-hydroxyphenyl)acetyl]oxymethyl]-5a-methyl-3-methylidene-2-oxo-4,5,6,7,9a,9b-hexahydro-3aH-benzo[g][1]benzofuran-6-yl]oxy]-3,4,5-trihydroxyoxan-2-yl]methyl 2-(4-hydroxyphenyl)acetate",2,0,C37H42O14,6451703.0
11705271,460.7,C29H48O4,CCCCCCCCCCCCC[C@@H]1C[C@@H](OC(O1)(C)C)CC(=O)CCC2=CC=C(C=C2)O,"1-[(4R,6R)-2,2-dimethyl-6-tridecyl-1,3-dioxan-4-yl]-4-(4-hydroxyphenyl)butan-2-one",2,0,C29H48O5,163100349.0
11590245,438.6,C30H30O3,CC1=C(C(=C(C(=C1CC2=CC=C(C=C2)O)C)CC3=CC=C(C=C3)O)C)CC4=CC=C(C=C4)O,"4-[[3,5-bis[(4-hydroxyphenyl)methyl]-2,4,6-trimethylphenyl]methyl]phenol",1,17,C30H30O4,10695030.0
11587711,314.4,C22H18O2,C1C2=C(C=CC(=C2)O)C(=C1C3=CC=C(C=C3)O)CC4=CC=CC=C4,1-benzyl-2-(4-hydroxyphenyl)-3H-inden-5-ol,1,0,C22H18O3,49840041.0
11587026,264.3,C18H16O2,C1=CC(=CC=C1/C=C/C=C/C=C/C2=CC=C(C=C2)O)O,"4-[(1E,3E,5E)-6-(4-hydroxyphenyl)hexa-1,3,5-trienyl]phenol",1,6,C18H16O3,20058624.0
11550866,278.34,C16H22O4,C1=CC(=CC=C1C(=O)CCCCCCCCC(=O)O)O,10-(4-hydroxyphenyl)-10-oxodecanoic acid,1,40,C16H22O5,46188167.0
11516650,390.5,C22H30O6,CC(C)C(CC(=O)OCC1(C/C(=C\C2=CC=C(C=C2)O)/C(=O)O1)CO)C(C)C,[(4E)-2-(hydroxymethyl)-4-[(4-hydroxyphenyl)methylidene]-5-oxooxolan-2-yl]methyl 4-methyl-3-propan-2-ylpentanoate,2,0,C22H30O7,22769524.0
11408556,460.7,C29H48O4,CCCCCCCCCCCCC[C@@H]1C[C@H](OC(O1)(C)C)CC(=O)CCC2=CC=C(C=C2)O,"1-[(4S,6R)-2,2-dimethyl-6-tridecyl-1,3-dioxan-4-yl]-4-(4-hydroxyphenyl)butan-2-one",1,0,C29H48O5,163100349.0
11309056,924.9,C56H44O13,C1=CC(=CC=C1[C@@H]2[C@H]([C@H]([C@@H](O2)C3=CC=C(C=C3)O)C4=C5[C@@H]([C@H](OC5=CC(=C4)O)C6=CC=C(C=C6)O)C7=C8[C@H]([C@@H](OC8=CC(=C7)O)C9=CC=C(C=C9)O)C1=CC(=CC(=C1)O)O)C1=CC(=CC(=C1)O)O)O,"5-[(2S,3R,4S,5R)-4-[(2S,3S)-3-[(2R,3R)-3-(3,5-dihydroxyphenyl)-6-hydroxy-2-(4-hydroxyphenyl)-2,3-dihydro-1-benzofuran-4-yl]-6-hydroxy-2-(4-hydroxyphenyl)-2,3-dihydro-1-benzofuran-4-yl]-2,5-bis(4-hydroxyphenyl)oxolan-3-yl]benzene-1,3-diol",4,3,C56H44O14,145954356.0
11211051,374.5,C25H26O3,C1CC2CCCC(C1)C2=C(C3=CC=C(C=C3)/C=C/C(=O)O)C4=CC=C(C=C4)O,(E)-3-[4-[9-bicyclo[3.3.1]nonanylidene-(4-hydroxyphenyl)methyl]phenyl]prop-2-enoic acid,1,16,C25H26O4,12569300.0
11208587,292.4,C20H20O2,C1CC2CCC1C(=C2C3=CC=C(C=C3)O)C4=CC=C(C=C4)O,4-[3-(4-hydroxyphenyl)-2-bicyclo[2.2.2]oct-2-enyl]phenol,1,0,C20H20O3,19088711.0
11101483,402.5,C23H30O6,C[C@@H]1CC[C@H]2[C@H](C(=O)O[C@H]3[C@@]24[C@H]1CC[C@](O3)(OO4)C)CCCC5=CC=C(C=C5)O,"(1R,4S,5R,8S,9R,12S,13R)-9-[3-(4-hydroxyphenyl)propyl]-1,5-dimethyl-11,14,15,16-tetraoxatetracyclo[10.3.1.04,13.08,13]hexadecan-10-one",2,0,C23H30O7,153391829.0
11090565,396.5,C24H28O5,C1=CC(=CC=C1C2=COC3=C(C2=O)C=CC(=C3)OCCCCCCCCCO)O,7-(9-hydroxynonoxy)-3-(4-hydroxyphenyl)chromen-4-one,1,5,C24H28O6,141783180.0
11046954,372.5,C23H32O4,CC1=CC[C@]2(CC[C@]([C@@H]2[C@H](C1)OC(=O)CC3=CC=C(C=C3)O)(C(C)C)O)C,"[(3R,3aS,4S,8aR)-3-hydroxy-6,8a-dimethyl-3-propan-2-yl-1,2,3a,4,5,8-hexahydroazulen-4-yl] 2-(4-hydroxyphenyl)acetate",1,0,C23H32O5,88978975.0
11037838,458.5,C21H30O11,C[C@@H](CCC1=CC=C(C=C1)O)O[C@H]2[C@@H](C(=O)[C@@H]([C@H](O2)CO[C@H]3[C@@H]([C@](CO3)(CO)O)O)O)O,"(2R,3R,5S,6R)-2-[[(2R,3R,4R)-3,4-dihydroxy-4-(hydroxymethyl)oxolan-2-yl]oxymethyl]-3,5-dihydroxy-6-[(2S)-4-(4-hydroxyphenyl)butan-2-yl]oxyoxan-4-one",2,0,C21H30O12,165780.0
11018269,822.8,C38H46O20,CC(=O)OC[C@@H]1[C@H]([C@@H]([C@H]([C@H](O1)O[C@]2([C@H]([C@@H]([C@H](O2)CO)O[C@H]3[C@@H]([C@H]([C@@H]([C@H](O3)CO)O)O)O)OC(=O)/C=C/C4=CC=CC=C4)CO)O)O)OC(=O)/C=C/C5=CC=C(C=C5)O,"[(2S,3S,4R,5R)-2-[(2R,3R,4R,5S,6R)-6-(acetyloxymethyl)-3,4-dihydroxy-5-[(E)-3-(4-hydroxyphenyl)prop-2-enoyl]oxyoxan-2-yl]oxy-2,5-bis(hydroxymethyl)-4-[(2S,3R,4S,5S,6R)-3,4,5-trihydroxy-6-(hydroxymethyl)oxan-2-yl]oxyoxolan-3-yl] (E)-3-phenylprop-2-enoate",2,0,C38H46O21,167585451.0
10914566,332.4,C23H24O2,C1C2CC3CC1CC(C2)C3=C(C4=CC=C(C=C4)O)C5=CC=C(C=C5)O,4-[2-adamantylidene-(4-hydroxyphenyl)methyl]phenol,2,6,C23H24O3,14027582.0
10871661,344.4,C24H24O2,CCCCC(=C(C1=CC=C(C=C1)O)C2=CC=C(C=C2)O)C3=CC=CC=C3,4-[1-(4-hydroxyphenyl)-2-phenylhex-1-enyl]phenol,1,2,C24H24O3,10737245.0
10778469,270.4,C18H22O2,CCCCCC(C1=CC=C(C=C1)O)C2=CC=C(C=C2)O,4-[1-(4-hydroxyphenyl)hexyl]phenol,1,2143,C18H22O3,133896.0
10685937,304.4,C21H20O2,CC1=CC=C(C=C1)/C=C/2\CCC/C(=C\C3=CC=C(C=C3)O)/C2=O,"(2E,6E)-2-[(4-hydroxyphenyl)methylidene]-6-[(4-methylphenyl)methylidene]cyclohexan-1-one",1,0,C21H20O3,290973.0
10621720,414.5,C27H26O4,CC1(C=CC2=C(O1)C=CC3=C2CCC4=C3C(=CC(=C4CC5=CC=C(C=C5)O)OC)O)C,"7-[(4-hydroxyphenyl)methyl]-8-methoxy-2,2-dimethyl-5,6-dihydronaphtho[2,1-f]chromen-10-ol",3,0,C27H26O5,86248741.0
10598739,430.5,C28H30O4,CC(=CCC1=C(C=CC2=C1CCC3=C(C(=CC(=C32)OC)OC)CC4=CC=C(C=C4)O)O)C,"8-[(4-hydroxyphenyl)methyl]-5,7-dimethoxy-1-(3-methylbut-2-enyl)-9,10-dihydrophenanthren-2-ol",3,0,C28H30O5,10742027.0
10108393,292.4,C20H20O2,C1CC2CC1CC2=C(C3=CC=C(C=C3)O)C4=CC=C(C=C4)O,4-[2-bicyclo[2.2.1]heptanylidene-(4-hydroxyphenyl)methyl]phenol,1,0,C20H20O3,19088711.0
10018920,320.4,C22H24O2,C1CC2CCCC(C1)C2=C(C3=CC=C(C=C3)O)C4=CC=C(C=C4)O,4-[9-bicyclo[3.3.1]nonanylidene-(4-hydroxyphenyl)methyl]phenol,4,0,C22H24O3,11045971.0
9945207,326.4,C23H18O2,C1C2=CC=CC=C2CC13C4=C(C=C(C=C4)O)C=C3C5=CC=C(C=C5)O,"2'-(4-hydroxyphenyl)spiro[1,3-dihydroindene-2,1'-indene]-5'-ol",2,5,C23H18O3,344349.0
9924049,340.4,C24H20O2,CC1=C(C2(CC3=CC=CC=C3C2)C4=C1C=C(C=C4)O)C5=CC=C(C=C5)O,"2'-(4-hydroxyphenyl)-3'-methylspiro[1,3-dihydroindene-2,1'-indene]-5'-ol",1,5,C24H20O3,22326101.0
9842328,370.4,C25H22O3,CCCCC1=C(C2=CC=CC=C2O1)C(=O)C3=CC=C(C=C3)C4=CC=C(C=C4)O,(2-butyl-1-benzofuran-3-yl)-[4-(4-hydroxyphenyl)phenyl]methanone,2,4,C25H22O4,71122214.0
9842327,370.4,C25H22O3,CCCC1=C(OC(=C1C2=CC=C(C=C2)O)C3=CC=CC=C3)C4=CC=C(C=C4)O,4-[5-(4-hydroxyphenyl)-2-phenyl-4-propylfuran-3-yl]phenol,1,0,C25H22O4,71122214.0
9799518,370.4,C25H22O3,CC/C(=C(/C1=CC=C(C=C1)/C=C/C(=O)O)\C2=CC=C(C=C2)O)/C3=CC=CC=C3,(E)-3-[4-[(E)-1-(4-hydroxyphenyl)-2-phenylbut-1-enyl]phenyl]prop-2-enoic acid,15,23,C25H22O4,71122214.0
9794322,210.23,C14H10O2,C1=CC(=CC=C1C#CC2=CC=C(C=C2)O)O,4-[2-(4-hydroxyphenyl)ethynyl]phenol,5,339,C14H10O3,4488900.0
6536697,460.6,C30H36O4,CC(=CCC1=C/C(=C(\C=C\C2=CC=C(C=C2)O)/O)/C(=O)C(C1=O)(CC=C(C)C)CC=C(C)C)C,"(6Z)-6-[(E)-1-hydroxy-3-(4-hydroxyphenyl)prop-2-enylidene]-2,2,4-tris(3-methylbut-2-enyl)cyclohex-4-ene-1,3-dione",4,7,C30H36O5,102349727.0
6476806,388.5,C26H28O3,CC(C=C)(/C=C\C1=CC=C(C=C1)O)C2=CC=C(C=C2)O.C1=CC=C(C=C1)CCO,"4-[(1Z)-3-(4-hydroxyphenyl)-3-methylpenta-1,4-dienyl]phenol;2-phenylethanol",1,0,C26H28O4,161922.0
6474900,370.4,C24H18O4,C1=CC(=CC(=C1)C(=O)/C=C/C2=CC=C(C=C2)O)C(=O)/C=C/C3=CC=C(C=C3)O,(E)-3-(4-hydroxyphenyl)-1-[3-[(E)-3-(4-hydroxyphenyl)prop-2-enoyl]phenyl]prop-2-en-1-one,3,0,C24H18O5,141029016.0
6455464,340.5,C23H32O2,CCCCCCCCCC(C)(C1=CC=C(C=C1)O)C2=CC=C(C=C2)O,4-[2-(4-hydroxyphenyl)undecan-2-yl]phenol,1,5,C23H32O3,22164980.0
6454223,326.5,C22H30O2,CCCCCCCCCC(C1=CC=C(C=C1)O)C2=CC=C(C=C2)O,4-[1-(4-hydroxyphenyl)decyl]phenol,2,3397,C22H30O3,13746791.0
6443931,430.6,C26H38O5,CCCCC[C@@H](/C=C/[C@H]1CCC(=O)[C@@H]1CCCCCCC(=O)OC2=CC=C(C=C2)O)O,"(4-hydroxyphenyl) 7-[(1R,2R)-2-[(E,3S)-3-hydroxyoct-1-enyl]-5-oxocyclopentyl]heptanoate",1,1,C26H38O6,69304440.0
6432746,270.4,C18H22O2,CC[C@H](C1=CC=C(C=C1)O)C(CC)C2=CC=C(C=C2)O,4-[(4S)-4-(4-hydroxyphenyl)hexan-3-yl]phenol,629,0,C18H22O3,133896.0
6026493,400.5,C27H28O3,CC/C(=C(/C1=CC=C(C=C1)O)\C2=CC=C(C=C2)OC(=O)C(C)(C)C)/C3=CC=CC=C3,"[4-[(E)-1-(4-hydroxyphenyl)-2-phenylbut-1-enyl]phenyl] 2,2-dimethylpropanoate",1,25,C27H28O4,3070126.0
5831509,370.4,C24H18O4,C1=CC(=CC=C1/C=C/C(=O)C2=CC=C(C=C2)O)/C=C/C(=O)C3=CC=C(C=C3)O,(E)-1-(4-hydroxyphenyl)-3-[4-[(E)-3-(4-hydroxyphenyl)-3-oxoprop-1-enyl]phenyl]prop-2-en-1-one,1,3,C24H18O5,141029016.0
5260488,140.14,C7H8O3,C1=CC(=CC=C1C(O)O)O,(4-hydroxyphenyl)methanediol,2,455,C7H8O4,20646064.0
5248693,460.6,C30H36O4,CC(=CCC1=CC(=C(C=CC2=CC=C(C=C2)O)O)C(=O)C(C1=O)(CC=C(C)C)CC=C(C)C)C,"6-[1-hydroxy-3-(4-hydroxyphenyl)prop-2-enylidene]-2,2,4-tris(3-methylbut-2-enyl)cyclohex-4-ene-1,3-dione",2,0,C30H36O5,102349727.0
4546967,270.4,C18H22O2,CCC(C1=CC=C(C=C1)O)C(C)CC2=CC=C(C=C2)O,4-[3-(4-hydroxyphenyl)-2-methylpentyl]phenol,1,4,C18H22O3,133896.0
4454346,320.4,C22H24O2,C1C2CC3(CC1CC(C2)(C3)C4=CC=C(C=C4)O)C5=CC=C(C=C5)O,4-[3-(4-hydroxyphenyl)-1-adamantyl]phenol,7,1448,C22H24O3,11045971.0
4315826,276.3,C19H16O2,C1=CC=C(C=C1)C(C2=CC=C(C=C2)O)C3=CC=C(C=C3)O,4-[(4-hydroxyphenyl)-phenylmethyl]phenol,19,11560,C19H16O3,167947.0
4201081,228.29,C15H16O2,CCC(C1=CC=C(C=C1)O)C2=CC=C(C=C2)O,4-[1-(4-hydroxyphenyl)propyl]phenol,28,14765,C15H16O3,102722.0
3292100,346.5,C24H26O2,CC(C)(C1=CC=C(C=C1)O)C2=CC(=CC=C2)C(C)(C)C3=CC=C(C=C3)O,4-[2-[3-[2-(4-hydroxyphenyl)propan-2-yl]phenyl]propan-2-yl]phenol,24,15218,C24H26O3,143192266.0
3081980,154.16,C8H10O3,C1=CC(=CC=C1C(CO)O)O,"1-(4-hydroxyphenyl)ethane-1,2-diol",36,37,C8H10O4,91528.0
1900569,312.4,C21H28O2,CC(C)(C)C1=CC(=CC(=C1O)C(C)(C)C)CC2=CC=C(C=C2)O,"2,6-ditert-butyl-4-[(4-hydroxyphenyl)methyl]phenol",1,187,C21H28O3,5239155.0
688289,228.29,C15H16O2,CC(C)(C1=CC=C(C=C1)O)C2=CC(=CC=C2)O,3-[2-(4-hydroxyphenyl)propan-2-yl]phenol,5,3590,C15H16O3,102722.0
667696,262.3,C18H14O2,C1=CC(=CC(=C1)C2=CC=C(C=C2)O)C3=CC=C(C=C3)O,4-[3-(4-hydroxyphenyl)phenyl]phenol,6,214,C18H14O3,22508143.0
634278,424.5,C29H28O3,CC(C)(C1=CC=C(C=C1)C(C)(C2=CC=C(C=C2)O)C3=CC=C(C=C3)O)C4=CC=C(C=C4)O,"4-[2-[4-[1,1-bis(4-hydroxyphenyl)ethyl]phenyl]propan-2-yl]phenol",7,6822,C29H28O4,101034084.0
630355,346.5,C24H26O2,CC(C)(C1=CC=C(C=C1)C(C)(C)C2=CC=C(C=C2)O)C3=CC=C(C=C3)O,4-[2-[4-[2-(4-hydroxyphenyl)propan-2-yl]phenyl]propan-2-yl]phenol,47,13194,C24H26O3,143192266.0
500072,924.9,C56H44O13,C1=CC(=CC=C1C2C(C(C(O2)C3=CC=C(C=C3)O)C4=C5C(C(OC5=CC(=C4)O)C6=CC=C(C=C6)O)C7=C8C(C(OC8=CC(=C7)O)C9=CC=C(C=C9)O)C1=CC(=CC(=C1)O)O)C1=CC(=CC(=C1)O)O)O,"5-[4-[3-[3-(3,5-dihydroxyphenyl)-6-hydroxy-2-(4-hydroxyphenyl)-2,3-dihydro-1-benzofuran-4-yl]-6-hydroxy-2-(4-hydroxyphenyl)-2,3-dihydro-1-benzofuran-4-yl]-2,5-bis(4-hydroxyphenyl)oxolan-3-yl]benzene-1,3-diol",3,38,C56H44O14,145954356.0
491028,512.5,C24H32O12,CCC1[C@@H](C(=CO[C@H]1OC2[C@@H]([C@H]([C@@H]([C@H](O2)CO)O)O)O)C(=O)O)CC(=O)OCCC3=CC=C(C=C3)O,"(2S,4S)-3-ethyl-4-[2-[2-(4-hydroxyphenyl)ethoxy]-2-oxoethyl]-2-[(3R,4S,5S,6R)-3,4,5-trihydroxy-6-(hydroxymethyl)oxan-2-yl]oxy-3,4-dihydro-2H-pyran-5-carboxylic acid",1,0,C24H32O13,170852143.0
484979,394.4,C26H18O4,C1CC2=CC=C3C4=C(C=CC1=C24)C(=O)OC3(C5=CC=C(C=C5)O)C6=CC=C(C=C6)O,"7,7-bis(4-hydroxyphenyl)-6-oxatetracyclo[6.5.2.04,15.011,14]pentadeca-1(14),2,4(15),8,10-pentaen-5-one",1,0,C26H18O5,166175309.0
484758,924.9,C56H44O13,C1=CC(=CC=C1[C@@H]2[C@H]([C@H]([C@H](O2)C3=CC=C(C=C3)O)C4=C5[C@@H]([C@H](OC5=CC(=C4)O)C6=CC=C(C=C6)O)C7=C8[C@H]([C@@H](OC8=CC(=C7)O)C9=CC=C(C=C9)O)C1=CC(=CC(=C1)O)O)C1=CC(=CC(=C1)O)O)O,"5-[(2S,3R,4S,5S)-4-[(2S,3S)-3-[(2R,3R)-3-(3,5-dihydroxyphenyl)-6-hydroxy-2-(4-hydroxyphenyl)-2,3-dihydro-1-benzofuran-4-yl]-6-hydroxy-2-(4-hydroxyphenyl)-2,3-dihydro-1-benzofuran-4-yl]-2,5-bis(4-hydroxyphenyl)oxolan-3-yl]benzene-1,3-diol",24,43,C56H44O14,145954356.0
481677,488.8,C32H56O3,CCCCCCCCCCCCCCCCCCCCCCCC(=O)OCCC1=CC=C(C=C1)O,2-(4-hydroxyphenyl)ethyl tetracosanoate,3,37640,C32H56O4,58021010.0
433274,320.4,C22H24O2,C1C2CC3CC1CC(C2)C3(C4=CC=C(C=C4)O)C5=CC=C(C=C5)O,4-[2-(4-hydroxyphenyl)-2-adamantyl]phenol,2,3692,C22H24O3,11045971.0
387385,370.4,C24H18O4,C1=CC(=CC=C1C=CC(=O)C2=CC=C(C=C2)O)C=CC(=O)C3=CC=C(C=C3)O,1-(4-hydroxyphenyl)-3-[4-[3-(4-hydroxyphenyl)-3-oxoprop-1-enyl]phenyl]prop-2-en-1-one,1,19,C24H18O5,141029016.0
364878,924.9,C56H44O13,C1=CC(=CC=C1[C@@H]2C(C(C(O2)C3=CC=C(C=C3)O)C4=C5C([C@H](OC5=CC(=C4)O)C6=CC=C(C=C6)O)C7=C8C([C@@H](OC8=CC(=C7)O)C9=CC=C(C=C9)O)C1=CC(=CC(=C1)O)O)C1=CC(=CC(=C1)O)O)O,"5-[(2S)-4-[(2S)-3-[(2R)-3-(3,5-dihydroxyphenyl)-6-hydroxy-2-(4-hydroxyphenyl)-2,3-dihydro-1-benzofuran-4-yl]-6-hydroxy-2-(4-hydroxyphenyl)-2,3-dihydro-1-benzofuran-4-yl]-2,5-bis(4-hydroxyphenyl)oxolan-3-yl]benzene-1,3-diol",2,0,C56H44O14,145954356.0
257831,228.29,C15H16O2,C1=CC(=CC=C1CCCC2=CC=C(C=C2)O)O,4-[3-(4-hydroxyphenyl)propyl]phenol,3,1246,C15H16O3,102722.0
249597,324.5,C22H28O2,CC1CCC(CC1C2=CC=C(C=C2)O)C(C)CC3=CC=C(C=C3)O,4-[2-[3-(4-hydroxyphenyl)-4-methylcyclohexyl]propyl]phenol,2,68,C22H28O3,23439831.0
245510,270.4,C18H22O2,CCC(CC)C(C1=CC=C(C=C1)O)C2=CC=C(C=C2)O,4-[2-ethyl-1-(4-hydroxyphenyl)butyl]phenol,2,173,C18H22O3,133896.0
234907,270.4,C18H22O2,CC[C@@H](C1=CC=C(C=C1)O)[C@@H](CC)C2=CC=C(C=C2)O,"4-[(3R,4R)-4-(4-hydroxyphenyl)hexan-3-yl]phenol",1,38,C18H22O3,133896.0
232881,352.4,C25H20O2,C1=CC=C(C=C1)C(C2=CC=CC=C2)(C3=CC=C(C=C3)O)C4=CC=C(C=C4)O,4-[(4-hydroxyphenyl)-diphenylmethyl]phenol,22,14289,C25H20O3,998422.0
226969,242.31,C16H18O2,CC(C)C(C1=CC=C(C=C1)O)C2=CC=C(C=C2)O,4-[1-(4-hydroxyphenyl)-2-methylpropyl]phenol,2,4801,C16H18O3,285881.0
226965,242.31,C16H18O2,CCCC(C1=CC=C(C=C1)O)C2=CC=C(C=C2)O,4-[1-(4-hydroxyphenyl)butyl]phenol,2,5537,C16H18O3,285881.0
200945,242.31,C16H18O2,C[C@H](C1=CC=C(C=C1)O)[C@@H](C)C2=CC=C(C=C2)O,"4-[(2S,3R)-3-(4-hydroxyphenyl)butan-2-yl]phenol",4,18,C16H18O3,285881.0
197049,242.31,C16H18O2,C[C@@H](C1=CC=C(C=C1)O)[C@@H](C)C2=CC=C(C=C2)O,"4-[(2R,3R)-3-(4-hydroxyphenyl)butan-2-yl]phenol",4,9,C16H18O3,285881.0
192197,270.4,C18H22O2,CC[C@H](C1=CC=C(C=C1)O)[C@@H](CC)C2=CC=C(C=C2)O,"4-[(3S,4R)-4-(4-hydroxyphenyl)hexan-3-yl]phenol",851,4646,C18H22O3,133896.0
188222,272.4,C18H24O2,CC[C@H](C1=CCC(=O)CC1)[C@@H](CC)C2=CC=C(C=C2)O,"4-[(3S,4R)-4-(4-hydroxyphenyl)hexan-3-yl]cyclohex-3-en-1-one",1,62,C18H24O3,19593730.0
180202,544.9,C36H64O3,CCCCCCCCCCCCCCCCCCCCCCCCCCCC(=O)OCCC1=CC=C(C=C1)O,2-(4-hydroxyphenyl)ethyl octacosanoate,3,0,C36H64O4,69670807.0
157862,278.34,C16H22O4,CCC(C(=O)O)C1(CCC(CC1)C2=CC=C(C=C2)O)O,2-[1-hydroxy-4-(4-hydroxyphenyl)cyclohexyl]butanoic acid,1,0,C16H22O5,46188167.0
126478,270.4,C18H22O2,CC(C)(C1=CC=C(C=C1)O)C(C)(C)C2=CC=C(C=C2)O,"4-[3-(4-hydroxyphenyl)-2,3-dimethylbutan-2-yl]phenol",7,64,C18H22O3,133896.0
110925,312.4,C21H28O2,CC(CCCCCCCC1=CC=C(C=C1)O)C2=CC=C(C=C2)O,4-[8-(4-hydroxyphenyl)nonyl]phenol,1,3,C21H28O3,5239155.0
102724,320.4,C22H24O2,C1CC2C(C1)C3CC2CC3(C4=CC=C(C=C4)O)C5=CC=C(C=C5)O,"4-[8-(4-hydroxyphenyl)-8-tricyclo[5.2.1.02,6]decanyl]phenol",7,627,C22H24O3,11045971.0
90481,270.4,C18H22O2,C1=CC(=CC=C1CCCCCCC2=CC=C(C=C2)O)O,4-[6-(4-hydroxyphenyl)hexyl]phenol,2,52,C18H22O3,133896.0
85669,270.4,C18H22O2,CC(CCCCC1=CC=C(C=C1)O)C2=CC=C(C=C2)O,4-[5-(4-hydroxyphenyl)hexyl]phenol,1,11,C18H22O3,133896.0
81259,270.4,C18H22O2,CC(C)CC(C)(C1=CC=C(C=C1)O)C2=CC=C(C=C2)O,4-[2-(4-hydroxyphenyl)-4-methylpentan-2-yl]phenol,11,6159,C18H22O3,133896.0
76716,350.4,C25H18O2,C1=CC=C2C(=C1)C3=CC=CC=C3C2(C4=CC=C(C=C4)O)C5=CC=C(C=C5)O,4-[9-(4-hydroxyphenyl)fluoren-9-yl]phenol,113,20258,C25H18O3,155358522.0
75576,200.23,C13H12O2,C1=CC=C(C(=C1)CC2=CC=C(C=C2)O)O,2-[(4-hydroxyphenyl)methyl]phenol,31,4322,C13H12O3,11977435.0
71051,298.4,C20H26O2,CCCCCCCC(C1=CC=C(C=C1)O)C2=CC=C(C=C2)O,4-[1-(4-hydroxyphenyl)octyl]phenol,1,1417,C20H26O3,10870747.0
70044,228.29,C15H16O2,CC(C)(C1=CC=C(C=C1)O)C2=CC=CC=C2O,2-[2-(4-hydroxyphenyl)propan-2-yl]phenol,7,1231,C15H16O3,102722.0
66166,242.31,C16H18O2,CCC(C)(C1=CC=C(C=C1)O)C2=CC=C(C=C2)O,4-[2-(4-hydroxyphenyl)butan-2-yl]phenol,168,32255,C16H18O3,285881.0
63059,316.4,C22H20O2,CCC(=C(C1=CC=C(C=C1)O)C2=CC=C(C=C2)O)C3=CC=CC=C3,4-[1-(4-hydroxyphenyl)-2-phenylbut-1-enyl]phenol,19,66,C22H20O3,9974016.0
62082,228.29,C15H16O2,CC(CC1=CC=C(C=C1)O)C2=CC=C(C=C2)O,4-[2-(4-hydroxyphenyl)propyl]phenol,3,498,C15H16O3,102722.0
12111,200.23,C13H12O2,C1=CC(=CC=C1CC2=CC=C(C=C2)O)O,4-[(4-hydroxyphenyl)methyl]phenol,1243,43191,C13H12O3,11977435.0
6827,298.4,C20H26O2,CCC(C1=CC=C(C=C1)O)C(CC)C(C)C2=CC=C(C=C2)O,4-[3-ethyl-4-(4-hydroxyphenyl)hexan-2-yl]phenol,17,819,C20H26O3,10870747.0
6623,228.29,C15H16O2,CC(C)(C1=CC=C(C=C1)O)C2=CC=C(C=C2)O,4-[2-(4-hydroxyphenyl)propan-2-yl]phenol,23738,268742,C15H16O3,102722.0
5675,396.5,C24H28O5,CC(=CCC1=C(C(=C(C(=C1OC)CC=C(C)C)O)C(=O)C2=CC=C(C=C2)O)O)C,"[2,6-dihydroxy-4-methoxy-3,5-bis(3-methylbut-2-enyl)phenyl]-(4-hydroxyphenyl)methanone",2,7,C24H28O6,141783180.0
3606,270.4,C18H22O2,CCC(C1=CC=C(C=C1)O)C(CC)C2=CC=C(C=C2)O,4-[4-(4-hydroxyphenyl)hexan-3-yl]phenol,957,3053,C18H22O3,133896.0
